run_id,call_id,model,temperature,profile_id,task_id,repeat_id,prompt_index,prompt_hash,timestamp_utc,ok,parse_success,validation_success,parsed_output,validation_errors,response_text,usage,elapsed_seconds,error
qwen_20260530T053203Z,9c8787ea-b3e6-4528-b553-381f3326911f,deepseek-v4-pro,0.7,P2_high_inattention,questionnaire,1,10,cc4caf5b9c32,2026-05-30T05:32:41.512004+00:00,TRUE,TRUE,FALSE,"{'caars_total': 0, 'cias_total': 0, 'young_total': 0, 'dsm_total1': 0, 'dsm_total2': 0}",['cias_total: 0 is less than the minimum of 26'],,"{'input_tokens': 849, 'output_tokens': 101}",3.490400553,
qwen_20260530T053203Z,0d2d30e6-fdec-4dbd-8d07-ae087854d2dd,deepseek-v4-pro,0.7,P2_high_inattention,questionnaire,3,10,cc4caf5b9c32,2026-05-30T05:36:18.084627+00:00,TRUE,TRUE,FALSE,"{'caars_total': 0, 'cias_total': 0, 'young_total': 0, 'dsm_total1': 0, 'dsm_total2': 0}",['cias_total: 0 is less than the minimum of 26'],,"{'input_tokens': 849, 'output_tokens': 101}",3.52747345,
qwen_20260530T053203Z,cc7c671c-9b06-4ed7-b43c-428e32a20a20,deepseek-v4-pro,0.7,P2_high_inattention,questionnaire,4,10,cc4caf5b9c32,2026-05-30T05:38:08.833303+00:00,TRUE,TRUE,FALSE,"{'caars_total': 0, 'cias_total': 0, 'young_total': 0, 'dsm_total1': 0, 'dsm_total2': 0}",['cias_total: 0 is less than the minimum of 26'],,"{'input_tokens': 849, 'output_tokens': 101}",3.735915184,
qwen_20260530T053203Z,a6d2afe1-e959-4fb0-a9ab-41a1ff6be955,deepseek-v4-pro,0.7,P2_high_inattention,stroop,45,6,962e434cdd22,2026-05-30T07:01:34.671175+00:00,FALSE,FALSE,FALSE,,,,,0.113436222,"PermissionDeniedError: Error code: 403 - {'error': {'message': 'The free tier of the model has been exhausted. If you wish to continue access the model on a paid basis, please disable the ""use free tier only"" mode in the management console.', 'type': 'AllocationQuota.FreeTierOnly', 'param': None, 'code': 'AllocationQuota.FreeTierOnly'}, 'id': 'chatcmpl-272c9325-d877-9970-ae1f-522fc74574f3', 'request_id': '272c9325-d877-9970-ae1f-522fc74574f3'}"
qwen_20260530T053203Z,d73ebe97-1622-485b-b2a7-57ebf41faa8e,deepseek-v4-pro,0.7,P2_high_inattention,nback,45,7,568ca4db91f7,2026-05-30T07:01:34.985783+00:00,FALSE,FALSE,FALSE,,,,,0.10554719,"PermissionDeniedError: Error code: 403 - {'error': {'message': 'The free tier of the model has been exhausted. If you wish to continue access the model on a paid basis, please disable the ""use free tier only"" mode in the management console.', 'type': 'AllocationQuota.FreeTierOnly', 'param': None, 'code': 'AllocationQuota.FreeTierOnly'}, 'id': 'chatcmpl-645fe418-1f27-92f5-8776-a3976e4a032f', 'request_id': '645fe418-1f27-92f5-8776-a3976e4a032f'}"
qwen_20260530T053203Z,6691d427-d3e0-47c1-9227-8c4a47e2e13a,deepseek-v4-pro,0.7,P2_high_inattention,bart,45,8,7e57a921aac3,2026-05-30T07:01:35.293242+00:00,FALSE,FALSE,FALSE,,,,,0.107997656,"PermissionDeniedError: Error code: 403 - {'error': {'message': 'The free tier of the model has been exhausted. If you wish to continue access the model on a paid basis, please disable the ""use free tier only"" mode in the management console.', 'type': 'AllocationQuota.FreeTierOnly', 'param': None, 'code': 'AllocationQuota.FreeTierOnly'}, 'id': 'chatcmpl-6992a660-0648-9af2-a765-75a1a051c99f', 'request_id': '6992a660-0648-9af2-a765-75a1a051c99f'}"
qwen_20260530T053203Z,85b8c3b8-11e4-4d38-82bf-4e15d88b92ae,deepseek-v4-pro,0.7,P2_high_inattention,ddt,45,9,e8ba53856771,2026-05-30T07:01:35.603701+00:00,FALSE,FALSE,FALSE,,,,,0.096784592,"PermissionDeniedError: Error code: 403 - {'error': {'message': 'The free tier of the model has been exhausted. If you wish to continue access the model on a paid basis, please disable the ""use free tier only"" mode in the management console.', 'type': 'AllocationQuota.FreeTierOnly', 'param': None, 'code': 'AllocationQuota.FreeTierOnly'}, 'id': 'chatcmpl-28503ac9-0959-97f0-8c8a-7a43bc3b1c58', 'request_id': '28503ac9-0959-97f0-8c8a-7a43bc3b1c58'}"
qwen_20260530T053203Z,5047ca68-fcb3-4260-90c3-fe286096bab7,deepseek-v4-pro,0.7,P2_high_inattention,questionnaire,45,10,cc4caf5b9c32,2026-05-30T07:01:35.901857+00:00,FALSE,FALSE,FALSE,,,,,0.103159189,"PermissionDeniedError: Error code: 403 - {'error': {'message': 'The free tier of the model has been exhausted. If you wish to continue access the model on a paid basis, please disable the ""use free tier only"" mode in the management console.', 'type': 'AllocationQuota.FreeTierOnly', 'param': None, 'code': 'AllocationQuota.FreeTierOnly'}, 'id': 'chatcmpl-a0df77f8-096a-9030-8df1-089a5abb2a8f', 'request_id': 'a0df77f8-096a-9030-8df1-089a5abb2a8f'}"
qwen_20260530T053203Z,5cae2947-8c69-4d6a-a9fc-687f70c62046,deepseek-v4-pro,0.7,P3_combined_ADHD,stroop,45,11,27771d10357c,2026-05-30T07:01:36.206911+00:00,FALSE,FALSE,FALSE,,,,,0.105898619,"PermissionDeniedError: Error code: 403 - {'error': {'message': 'The free tier of the model has been exhausted. If you wish to continue access the model on a paid basis, please disable the ""use free tier only"" mode in the management console.', 'type': 'AllocationQuota.FreeTierOnly', 'param': None, 'code': 'AllocationQuota.FreeTierOnly'}, 'id': 'chatcmpl-12b900fc-09c5-96af-b7d4-7c9ea59e21de', 'request_id': '12b900fc-09c5-96af-b7d4-7c9ea59e21de'}"
qwen_20260530T053203Z,0696c6b1-c7e5-49fe-af52-a696e5aab454,deepseek-v4-pro,0.7,P3_combined_ADHD,nback,45,12,1a799f2c3599,2026-05-30T07:01:36.515144+00:00,FALSE,FALSE,FALSE,,,,,0.159451246,"PermissionDeniedError: Error code: 403 - {'error': {'message': 'The free tier of the model has been exhausted. If you wish to continue access the model on a paid basis, please disable the ""use free tier only"" mode in the management console.', 'type': 'AllocationQuota.FreeTierOnly', 'param': None, 'code': 'AllocationQuota.FreeTierOnly'}, 'id': 'chatcmpl-1a68291e-0fea-9dca-a4cd-3a8566623e12', 'request_id': '1a68291e-0fea-9dca-a4cd-3a8566623e12'}"
qwen_20260530T053203Z,d7d98ee5-1e04-4502-a762-57e11c1c1b21,deepseek-v4-pro,0.7,P3_combined_ADHD,bart,45,13,4bfd378a6d0e,2026-05-30T07:01:36.876167+00:00,FALSE,FALSE,FALSE,,,,,0.152197123,"PermissionDeniedError: Error code: 403 - {'error': {'message': 'The free tier of the model has been exhausted. If you wish to continue access the model on a paid basis, please disable the ""use free tier only"" mode in the management console.', 'type': 'AllocationQuota.FreeTierOnly', 'param': None, 'code': 'AllocationQuota.FreeTierOnly'}, 'id': 'chatcmpl-64b60492-4769-99d3-a54c-b6ab198a703a', 'request_id': '64b60492-4769-99d3-a54c-b6ab198a703a'}"
qwen_20260530T053203Z,adda1074-c51c-4f5a-99e0-a7ba140a92ee,deepseek-v4-pro,0.7,P3_combined_ADHD,ddt,45,14,b33dd30b8d1a,2026-05-30T07:01:37.230953+00:00,FALSE,FALSE,FALSE,,,,,0.105431795,"PermissionDeniedError: Error code: 403 - {'error': {'message': 'The free tier of the model has been exhausted. If you wish to continue access the model on a paid basis, please disable the ""use free tier only"" mode in the management console.', 'type': 'AllocationQuota.FreeTierOnly', 'param': None, 'code': 'AllocationQuota.FreeTierOnly'}, 'id': 'chatcmpl-24a775e0-2bfb-935e-adb1-53bd2cd6b341', 'request_id': '24a775e0-2bfb-935e-adb1-53bd2cd6b341'}"
qwen_20260530T053203Z,d6864df3-dad4-4bde-ac6a-4a5abcab10d2,deepseek-v4-pro,0.7,P3_combined_ADHD,questionnaire,45,15,228f8e2c9b1d,2026-05-30T07:01:37.539100+00:00,FALSE,FALSE,FALSE,,,,,0.206689835,"PermissionDeniedError: Error code: 403 - {'error': {'message': 'The free tier of the model has been exhausted. If you wish to continue access the model on a paid basis, please disable the ""use free tier only"" mode in the management console.', 'type': 'AllocationQuota.FreeTierOnly', 'param': None, 'code': 'AllocationQuota.FreeTierOnly'}, 'id': 'chatcmpl-46f2c0cc-36ef-9061-a3be-fb2f5ba1b861', 'request_id': '46f2c0cc-36ef-9061-a3be-fb2f5ba1b861'}"
qwen_20260530T053203Z,bcbfff57-e056-4926-b889-7f01e351a701,deepseek-v4-pro,0.7,P4_ADHD_high_IA,stroop,45,16,86ad25735c85,2026-05-30T07:01:37.948539+00:00,FALSE,FALSE,FALSE,,,,,0.208832264,"PermissionDeniedError: Error code: 403 - {'error': {'message': 'The free tier of the model has been exhausted. If you wish to continue access the model on a paid basis, please disable the ""use free tier only"" mode in the management console.', 'type': 'AllocationQuota.FreeTierOnly', 'param': None, 'code': 'AllocationQuota.FreeTierOnly'}, 'id': 'chatcmpl-6b7e1a9e-119c-9bc1-bfa1-95d17e1de2f7', 'request_id': '6b7e1a9e-119c-9bc1-bfa1-95d17e1de2f7'}"
qwen_20260530T053203Z,d77c3fc3-0778-46c8-abe3-56db60b89677,deepseek-v4-pro,0.7,P4_ADHD_high_IA,nback,45,17,e084d00754e7,2026-05-30T07:01:38.362438+00:00,FALSE,FALSE,FALSE,,,,,0.100712538,"PermissionDeniedError: Error code: 403 - {'error': {'message': 'The free tier of the model has been exhausted. If you wish to continue access the model on a paid basis, please disable the ""use free tier only"" mode in the management console.', 'type': 'AllocationQuota.FreeTierOnly', 'param': None, 'code': 'AllocationQuota.FreeTierOnly'}, 'id': 'chatcmpl-6298e6cc-5cd3-94bd-8235-48358b6e7804', 'request_id': '6298e6cc-5cd3-94bd-8235-48358b6e7804'}"
qwen_20260530T053203Z,b9aa5426-7661-4713-b4b6-1974ef60cd03,deepseek-v4-pro,0.7,P4_ADHD_high_IA,bart,45,18,3ad0ac5f81d4,2026-05-30T07:01:38.683551+00:00,FALSE,FALSE,FALSE,,,,,0.291466236,"PermissionDeniedError: Error code: 403 - {'error': {'message': 'The free tier of the model has been exhausted. If you wish to continue access the model on a paid basis, please disable the ""use free tier only"" mode in the management console.', 'type': 'AllocationQuota.FreeTierOnly', 'param': None, 'code': 'AllocationQuota.FreeTierOnly'}, 'id': 'chatcmpl-a555453b-9e3b-956f-a0cf-65ff10218753', 'request_id': 'a555453b-9e3b-956f-a0cf-65ff10218753'}"
qwen_20260530T053203Z,7e359c3e-3c1d-4004-ad9b-26d04e27af72,deepseek-v4-pro,0.7,P4_ADHD_high_IA,ddt,45,19,5a26b73a4099,2026-05-30T07:01:39.182538+00:00,FALSE,FALSE,FALSE,,,,,0.20140481,"PermissionDeniedError: Error code: 403 - {'error': {'message': 'The free tier of the model has been exhausted. If you wish to continue access the model on a paid basis, please disable the ""use free tier only"" mode in the management console.', 'type': 'AllocationQuota.FreeTierOnly', 'param': None, 'code': 'AllocationQuota.FreeTierOnly'}, 'id': 'chatcmpl-789c975a-3473-9a93-9704-c558255d7eaa', 'request_id': '789c975a-3473-9a93-9704-c558255d7eaa'}"
qwen_20260530T053203Z,ad512604-071a-433e-a42f-f301a3f6c0f4,deepseek-v4-pro,0.7,P4_ADHD_high_IA,questionnaire,45,20,f69d6600ccdf,2026-05-30T07:01:39.585623+00:00,FALSE,FALSE,FALSE,,,,,0.105599403,"PermissionDeniedError: Error code: 403 - {'error': {'message': 'The free tier of the model has been exhausted. If you wish to continue access the model on a paid basis, please disable the ""use free tier only"" mode in the management console.', 'type': 'AllocationQuota.FreeTierOnly', 'param': None, 'code': 'AllocationQuota.FreeTierOnly'}, 'id': 'chatcmpl-f4c05895-d425-944b-b8ce-b6a7dae770ec', 'request_id': 'f4c05895-d425-944b-b8ce-b6a7dae770ec'}"
qwen_20260530T053203Z,6bdea685-8432-4c6c-82b4-b537ce92f5c5,deepseek-v4-pro,0.7,P5_high_IA_low_ADHD,stroop,45,21,af41f22a6d91,2026-05-30T07:01:39.893054+00:00,FALSE,FALSE,FALSE,,,,,0.106185436,"PermissionDeniedError: Error code: 403 - {'error': {'message': 'The free tier of the model has been exhausted. If you wish to continue access the model on a paid basis, please disable the ""use free tier only"" mode in the management console.', 'type': 'AllocationQuota.FreeTierOnly', 'param': None, 'code': 'AllocationQuota.FreeTierOnly'}, 'id': 'chatcmpl-8f10541a-3a5b-990e-a839-122c2f2fe9f3', 'request_id': '8f10541a-3a5b-990e-a839-122c2f2fe9f3'}"
qwen_20260530T053203Z,5ac5fcea-ac8e-4eb7-93fd-e6d58a7f92dc,deepseek-v4-pro,0.7,P5_high_IA_low_ADHD,nback,45,22,5f025aa2c4b7,2026-05-30T07:01:40.202916+00:00,FALSE,FALSE,FALSE,,,,,0.104764223,"PermissionDeniedError: Error code: 403 - {'error': {'message': 'The free tier of the model has been exhausted. If you wish to continue access the model on a paid basis, please disable the ""use free tier only"" mode in the management console.', 'type': 'AllocationQuota.FreeTierOnly', 'param': None, 'code': 'AllocationQuota.FreeTierOnly'}, 'id': 'chatcmpl-c4a07f86-fe64-9de3-a691-bb9bb528b291', 'request_id': 'c4a07f86-fe64-9de3-a691-bb9bb528b291'}"
qwen_20260530T053203Z,779364c9-bea7-424c-a8e7-b1d25f4c28d2,deepseek-v4-pro,0.7,P5_high_IA_low_ADHD,bart,45,23,423d400ef891,2026-05-30T07:01:40.509090+00:00,FALSE,FALSE,FALSE,,,,,0.087370872,"PermissionDeniedError: Error code: 403 - {'error': {'message': 'The free tier of the model has been exhausted. If you wish to continue access the model on a paid basis, please disable the ""use free tier only"" mode in the management console.', 'type': 'AllocationQuota.FreeTierOnly', 'param': None, 'code': 'AllocationQuota.FreeTierOnly'}, 'id': 'chatcmpl-846ffb47-0f8f-9f2a-ab7b-dbe6b7e347ad', 'request_id': '846ffb47-0f8f-9f2a-ab7b-dbe6b7e347ad'}"
qwen_20260530T053203Z,b33b2a5b-0944-45e4-94e0-132322794b9a,deepseek-v4-pro,0.7,P5_high_IA_low_ADHD,ddt,45,24,87ef88882b52,2026-05-30T07:01:40.798085+00:00,FALSE,FALSE,FALSE,,,,,0.125050068,"PermissionDeniedError: Error code: 403 - {'error': {'message': 'The free tier of the model has been exhausted. If you wish to continue access the model on a paid basis, please disable the ""use free tier only"" mode in the management console.', 'type': 'AllocationQuota.FreeTierOnly', 'param': None, 'code': 'AllocationQuota.FreeTierOnly'}, 'id': 'chatcmpl-62b187c4-e2ca-9a30-98e0-f8376e2cae16', 'request_id': '62b187c4-e2ca-9a30-98e0-f8376e2cae16'}"
qwen_20260530T053203Z,d74f3532-914c-49cd-9d03-0fc0b349468f,deepseek-v4-pro,0.7,P5_high_IA_low_ADHD,questionnaire,45,25,7819a3eaf918,2026-05-30T07:01:41.125060+00:00,FALSE,FALSE,FALSE,,,,,0.092933178,"PermissionDeniedError: Error code: 403 - {'error': {'message': 'The free tier of the model has been exhausted. If you wish to continue access the model on a paid basis, please disable the ""use free tier only"" mode in the management console.', 'type': 'AllocationQuota.FreeTierOnly', 'param': None, 'code': 'AllocationQuota.FreeTierOnly'}, 'id': 'chatcmpl-1cf4fdb3-5881-9b97-a973-2084c02853d7', 'request_id': '1cf4fdb3-5881-9b97-a973-2084c02853d7'}"
qwen_20260530T053203Z,72e96924-181a-48f3-843e-ce25c7226103,deepseek-v4-pro,0.7,P1_low_ADHD_low_IA,stroop,46,1,a28333b2ff4e,2026-05-30T07:01:41.420740+00:00,FALSE,FALSE,FALSE,,,,,0.081907511,"PermissionDeniedError: Error code: 403 - {'error': {'message': 'The free tier of the model has been exhausted. If you wish to continue access the model on a paid basis, please disable the ""use free tier only"" mode in the management console.', 'type': 'AllocationQuota.FreeTierOnly', 'param': None, 'code': 'AllocationQuota.FreeTierOnly'}, 'id': 'chatcmpl-2cc8a42b-bf68-9d13-8284-d8443b5145ae', 'request_id': '2cc8a42b-bf68-9d13-8284-d8443b5145ae'}"
qwen_20260530T053203Z,ef5ea0c2-6b78-411f-bee2-7e1f8fa5bc71,deepseek-v4-pro,0.7,P1_low_ADHD_low_IA,nback,46,2,bf296c6521d9,2026-05-30T07:01:41.703997+00:00,FALSE,FALSE,FALSE,,,,,0.105574131,"PermissionDeniedError: Error code: 403 - {'error': {'message': 'The free tier of the model has been exhausted. If you wish to continue access the model on a paid basis, please disable the ""use free tier only"" mode in the management console.', 'type': 'AllocationQuota.FreeTierOnly', 'param': None, 'code': 'AllocationQuota.FreeTierOnly'}, 'id': 'chatcmpl-d4f34917-7e7d-9551-b02c-e1d395fc0007', 'request_id': 'd4f34917-7e7d-9551-b02c-e1d395fc0007'}"
qwen_20260530T053203Z,11364060-0043-41f0-b099-e53b775efdd5,deepseek-v4-pro,0.7,P1_low_ADHD_low_IA,bart,46,3,00e9a34112ef,2026-05-30T07:01:42.012148+00:00,FALSE,FALSE,FALSE,,,,,0.096456289,"PermissionDeniedError: Error code: 403 - {'error': {'message': 'The free tier of the model has been exhausted. If you wish to continue access the model on a paid basis, please disable the ""use free tier only"" mode in the management console.', 'type': 'AllocationQuota.FreeTierOnly', 'param': None, 'code': 'AllocationQuota.FreeTierOnly'}, 'id': 'chatcmpl-8aef750a-01bc-9821-b985-d67f71e0b870', 'request_id': '8aef750a-01bc-9821-b985-d67f71e0b870'}"
qwen_20260530T053203Z,f1e49962-c3ae-4e07-ba55-19504abfdae3,deepseek-v4-pro,0.7,P1_low_ADHD_low_IA,ddt,46,4,bca497425579,2026-05-30T07:01:42.310795+00:00,FALSE,FALSE,FALSE,,,,,0.084844828,"PermissionDeniedError: Error code: 403 - {'error': {'message': 'The free tier of the model has been exhausted. If you wish to continue access the model on a paid basis, please disable the ""use free tier only"" mode in the management console.', 'type': 'AllocationQuota.FreeTierOnly', 'param': None, 'code': 'AllocationQuota.FreeTierOnly'}, 'id': 'chatcmpl-c09298fd-a50b-9d72-84f0-b3cc7034381c', 'request_id': 'c09298fd-a50b-9d72-84f0-b3cc7034381c'}"
qwen_20260530T053203Z,cdb18537-3579-4d76-b7c9-4dd2ff3676b3,deepseek-v4-pro,0.7,P1_low_ADHD_low_IA,questionnaire,46,5,b35916db5599,2026-05-30T07:01:42.597315+00:00,FALSE,FALSE,FALSE,,,,,0.097171307,"PermissionDeniedError: Error code: 403 - {'error': {'message': 'The free tier of the model has been exhausted. If you wish to continue access the model on a paid basis, please disable the ""use free tier only"" mode in the management console.', 'type': 'AllocationQuota.FreeTierOnly', 'param': None, 'code': 'AllocationQuota.FreeTierOnly'}, 'id': 'chatcmpl-17867288-a8a0-915e-95d0-b1d689c3958f', 'request_id': '17867288-a8a0-915e-95d0-b1d689c3958f'}"
qwen_20260530T053203Z,140d6d76-793b-4da7-8082-e8638c68970f,deepseek-v4-pro,0.7,P2_high_inattention,stroop,46,6,962e434cdd22,2026-05-30T07:01:42.895815+00:00,FALSE,FALSE,FALSE,,,,,0.087488413,"PermissionDeniedError: Error code: 403 - {'error': {'message': 'The free tier of the model has been exhausted. If you wish to continue access the model on a paid basis, please disable the ""use free tier only"" mode in the management console.', 'type': 'AllocationQuota.FreeTierOnly', 'param': None, 'code': 'AllocationQuota.FreeTierOnly'}, 'id': 'chatcmpl-5b46904c-3f67-9182-ae1a-7c21bc1af62d', 'request_id': '5b46904c-3f67-9182-ae1a-7c21bc1af62d'}"
qwen_20260530T053203Z,9d9cd655-033b-4338-aa5a-7170f8885ad5,deepseek-v4-pro,0.7,P2_high_inattention,nback,46,7,568ca4db91f7,2026-05-30T07:01:43.184551+00:00,FALSE,FALSE,FALSE,,,,,0.093138456,"PermissionDeniedError: Error code: 403 - {'error': {'message': 'The free tier of the model has been exhausted. If you wish to continue access the model on a paid basis, please disable the ""use free tier only"" mode in the management console.', 'type': 'AllocationQuota.FreeTierOnly', 'param': None, 'code': 'AllocationQuota.FreeTierOnly'}, 'id': 'chatcmpl-f305e6ae-9638-9c46-ac59-ee7430a98b12', 'request_id': 'f305e6ae-9638-9c46-ac59-ee7430a98b12'}"
qwen_20260530T053203Z,ed87a71c-4e90-4084-b0fa-dcdaee68a457,deepseek-v4-pro,0.7,P2_high_inattention,bart,46,8,7e57a921aac3,2026-05-30T07:01:43.479024+00:00,FALSE,FALSE,FALSE,,,,,0.103824854,"PermissionDeniedError: Error code: 403 - {'error': {'message': 'The free tier of the model has been exhausted. If you wish to continue access the model on a paid basis, please disable the ""use free tier only"" mode in the management console.', 'type': 'AllocationQuota.FreeTierOnly', 'param': None, 'code': 'AllocationQuota.FreeTierOnly'}, 'id': 'chatcmpl-84fa0f35-47d3-93d4-863c-f9123546a352', 'request_id': '84fa0f35-47d3-93d4-863c-f9123546a352'}"
qwen_20260530T053203Z,b814ff78-20ae-4a95-855a-25930840f22b,deepseek-v4-pro,0.7,P2_high_inattention,ddt,46,9,e8ba53856771,2026-05-30T07:01:43.785128+00:00,FALSE,FALSE,FALSE,,,,,0.109857798,"PermissionDeniedError: Error code: 403 - {'error': {'message': 'The free tier of the model has been exhausted. If you wish to continue access the model on a paid basis, please disable the ""use free tier only"" mode in the management console.', 'type': 'AllocationQuota.FreeTierOnly', 'param': None, 'code': 'AllocationQuota.FreeTierOnly'}, 'id': 'chatcmpl-2af4e013-dcd6-95c9-bf1c-5c850fdd533e', 'request_id': '2af4e013-dcd6-95c9-bf1c-5c850fdd533e'}"
qwen_20260530T053203Z,5f5764f7-839b-494b-acd4-1c3a4fa52194,deepseek-v4-pro,0.7,P2_high_inattention,questionnaire,46,10,cc4caf5b9c32,2026-05-30T07:01:44.097755+00:00,FALSE,FALSE,FALSE,,,,,0.100069284,"PermissionDeniedError: Error code: 403 - {'error': {'message': 'The free tier of the model has been exhausted. If you wish to continue access the model on a paid basis, please disable the ""use free tier only"" mode in the management console.', 'type': 'AllocationQuota.FreeTierOnly', 'param': None, 'code': 'AllocationQuota.FreeTierOnly'}, 'id': 'chatcmpl-5315a836-d2ab-9771-aa0d-055d721be5c2', 'request_id': '5315a836-d2ab-9771-aa0d-055d721be5c2'}"
qwen_20260530T053203Z,c6663639-ac46-4ec3-970e-123c61f4ba35,deepseek-v4-pro,0.7,P3_combined_ADHD,stroop,46,11,27771d10357c,2026-05-30T07:01:44.399755+00:00,FALSE,FALSE,FALSE,,,,,0.112862825,"PermissionDeniedError: Error code: 403 - {'error': {'message': 'The free tier of the model has been exhausted. If you wish to continue access the model on a paid basis, please disable the ""use free tier only"" mode in the management console.', 'type': 'AllocationQuota.FreeTierOnly', 'param': None, 'code': 'AllocationQuota.FreeTierOnly'}, 'id': 'chatcmpl-7dce69d6-690b-9eb4-8a0e-5fa3e21c276c', 'request_id': '7dce69d6-690b-9eb4-8a0e-5fa3e21c276c'}"
qwen_20260530T053203Z,7a55d0d1-40ff-4353-a350-41114106532a,deepseek-v4-pro,0.7,P3_combined_ADHD,nback,46,12,1a799f2c3599,2026-05-30T07:01:44.714914+00:00,FALSE,FALSE,FALSE,,,,,0.100161552,"PermissionDeniedError: Error code: 403 - {'error': {'message': 'The free tier of the model has been exhausted. If you wish to continue access the model on a paid basis, please disable the ""use free tier only"" mode in the management console.', 'type': 'AllocationQuota.FreeTierOnly', 'param': None, 'code': 'AllocationQuota.FreeTierOnly'}, 'id': 'chatcmpl-feb96ee1-f4f9-9474-834c-a0f4e4879327', 'request_id': 'feb96ee1-f4f9-9474-834c-a0f4e4879327'}"
qwen_20260530T053203Z,eddfe6f8-42d1-45bc-b74e-2043fc8e988c,deepseek-v4-pro,0.7,P3_combined_ADHD,bart,46,13,4bfd378a6d0e,2026-05-30T07:01:45.020684+00:00,FALSE,FALSE,FALSE,,,,,0.104452848,"PermissionDeniedError: Error code: 403 - {'error': {'message': 'The free tier of the model has been exhausted. If you wish to continue access the model on a paid basis, please disable the ""use free tier only"" mode in the management console.', 'type': 'AllocationQuota.FreeTierOnly', 'param': None, 'code': 'AllocationQuota.FreeTierOnly'}, 'id': 'chatcmpl-eee4e9d9-a122-98da-b84e-526e7a1c3dee', 'request_id': 'eee4e9d9-a122-98da-b84e-526e7a1c3dee'}"
qwen_20260530T053203Z,a97a5fca-d6cd-4942-8202-2071d87620c2,deepseek-v4-pro,0.7,P3_combined_ADHD,ddt,46,14,b33dd30b8d1a,2026-05-30T07:01:45.327583+00:00,FALSE,FALSE,FALSE,,,,,0.100096226,"PermissionDeniedError: Error code: 403 - {'error': {'message': 'The free tier of the model has been exhausted. If you wish to continue access the model on a paid basis, please disable the ""use free tier only"" mode in the management console.', 'type': 'AllocationQuota.FreeTierOnly', 'param': None, 'code': 'AllocationQuota.FreeTierOnly'}, 'id': 'chatcmpl-8016e2ae-5c67-9205-88f5-7b38b7a08209', 'request_id': '8016e2ae-5c67-9205-88f5-7b38b7a08209'}"
qwen_20260530T053203Z,6e2ece31-6ca3-4644-bf93-d7438d8a5e24,deepseek-v4-pro,0.7,P3_combined_ADHD,questionnaire,46,15,228f8e2c9b1d,2026-05-30T07:01:45.629724+00:00,FALSE,FALSE,FALSE,,,,,0.105070829,"PermissionDeniedError: Error code: 403 - {'error': {'message': 'The free tier of the model has been exhausted. If you wish to continue access the model on a paid basis, please disable the ""use free tier only"" mode in the management console.', 'type': 'AllocationQuota.FreeTierOnly', 'param': None, 'code': 'AllocationQuota.FreeTierOnly'}, 'id': 'chatcmpl-c92c5072-e36a-9e86-bd4e-13a7c5c1a4b3', 'request_id': 'c92c5072-e36a-9e86-bd4e-13a7c5c1a4b3'}"
qwen_20260530T053203Z,c452b126-6f50-444d-a46d-0ff6f9c08b64,deepseek-v4-pro,0.7,P4_ADHD_high_IA,stroop,46,16,86ad25735c85,2026-05-30T07:01:45.936939+00:00,FALSE,FALSE,FALSE,,,,,0.112909079,"PermissionDeniedError: Error code: 403 - {'error': {'message': 'The free tier of the model has been exhausted. If you wish to continue access the model on a paid basis, please disable the ""use free tier only"" mode in the management console.', 'type': 'AllocationQuota.FreeTierOnly', 'param': None, 'code': 'AllocationQuota.FreeTierOnly'}, 'id': 'chatcmpl-ff39ea23-3ca2-9810-97d6-8783804ed9f2', 'request_id': 'ff39ea23-3ca2-9810-97d6-8783804ed9f2'}"
qwen_20260530T053203Z,838d1a12-2bce-4bbd-ad3d-7411a8eb2455,deepseek-v4-pro,0.7,P4_ADHD_high_IA,nback,46,17,e084d00754e7,2026-05-30T07:01:46.252619+00:00,FALSE,FALSE,FALSE,,,,,0.201714993,"PermissionDeniedError: Error code: 403 - {'error': {'message': 'The free tier of the model has been exhausted. If you wish to continue access the model on a paid basis, please disable the ""use free tier only"" mode in the management console.', 'type': 'AllocationQuota.FreeTierOnly', 'param': None, 'code': 'AllocationQuota.FreeTierOnly'}, 'id': 'chatcmpl-d6013068-e4c4-932d-9e02-a307c47d7e32', 'request_id': 'd6013068-e4c4-932d-9e02-a307c47d7e32'}"
qwen_20260530T053203Z,435db2ee-1d01-40e7-9516-0716c0d125e3,deepseek-v4-pro,0.7,P4_ADHD_high_IA,bart,46,18,3ad0ac5f81d4,2026-05-30T07:01:46.656225+00:00,FALSE,FALSE,FALSE,,,,,0.102284908,"PermissionDeniedError: Error code: 403 - {'error': {'message': 'The free tier of the model has been exhausted. If you wish to continue access the model on a paid basis, please disable the ""use free tier only"" mode in the management console.', 'type': 'AllocationQuota.FreeTierOnly', 'param': None, 'code': 'AllocationQuota.FreeTierOnly'}, 'id': 'chatcmpl-bb9f3d22-adc6-9577-b9e1-50f7eec10bec', 'request_id': 'bb9f3d22-adc6-9577-b9e1-50f7eec10bec'}"
qwen_20260530T053203Z,5944e360-c999-421f-9c14-ce13134a218e,deepseek-v4-pro,0.7,P4_ADHD_high_IA,ddt,46,19,5a26b73a4099,2026-05-30T07:01:46.961001+00:00,FALSE,FALSE,FALSE,,,,,0.106197357,"PermissionDeniedError: Error code: 403 - {'error': {'message': 'The free tier of the model has been exhausted. If you wish to continue access the model on a paid basis, please disable the ""use free tier only"" mode in the management console.', 'type': 'AllocationQuota.FreeTierOnly', 'param': None, 'code': 'AllocationQuota.FreeTierOnly'}, 'id': 'chatcmpl-1790f98f-2901-9641-b386-ecebd6fab7e5', 'request_id': '1790f98f-2901-9641-b386-ecebd6fab7e5'}"
qwen_20260530T053203Z,50916bf7-7678-47b8-97fc-a36185645f49,deepseek-v4-pro,0.7,P4_ADHD_high_IA,questionnaire,46,20,f69d6600ccdf,2026-05-30T07:01:47.269086+00:00,FALSE,FALSE,FALSE,,,,,0.104195356,"PermissionDeniedError: Error code: 403 - {'error': {'message': 'The free tier of the model has been exhausted. If you wish to continue access the model on a paid basis, please disable the ""use free tier only"" mode in the management console.', 'type': 'AllocationQuota.FreeTierOnly', 'param': None, 'code': 'AllocationQuota.FreeTierOnly'}, 'id': 'chatcmpl-dc9bf4e0-e0a8-9f43-a8ba-ccf5fc5d0d9f', 'request_id': 'dc9bf4e0-e0a8-9f43-a8ba-ccf5fc5d0d9f'}"
qwen_20260530T053203Z,aab9218f-a896-4af8-bf60-156af7484980,deepseek-v4-pro,0.7,P5_high_IA_low_ADHD,stroop,46,21,af41f22a6d91,2026-05-30T07:01:47.576458+00:00,FALSE,FALSE,FALSE,,,,,0.205451965,"PermissionDeniedError: Error code: 403 - {'error': {'message': 'The free tier of the model has been exhausted. If you wish to continue access the model on a paid basis, please disable the ""use free tier only"" mode in the management console.', 'type': 'AllocationQuota.FreeTierOnly', 'param': None, 'code': 'AllocationQuota.FreeTierOnly'}, 'id': 'chatcmpl-c1029702-3d4e-9b9b-ab72-1c97b70d74b2', 'request_id': 'c1029702-3d4e-9b9b-ab72-1c97b70d74b2'}"
qwen_20260530T053203Z,e495c002-02a4-4e9e-97df-dc68421544ba,deepseek-v4-pro,0.7,P5_high_IA_low_ADHD,nback,46,22,5f025aa2c4b7,2026-05-30T07:01:47.984820+00:00,FALSE,FALSE,FALSE,,,,,0.104475498,"PermissionDeniedError: Error code: 403 - {'error': {'message': 'The free tier of the model has been exhausted. If you wish to continue access the model on a paid basis, please disable the ""use free tier only"" mode in the management console.', 'type': 'AllocationQuota.FreeTierOnly', 'param': None, 'code': 'AllocationQuota.FreeTierOnly'}, 'id': 'chatcmpl-06d9c285-51e4-9c14-8995-70f35bbdf6f9', 'request_id': '06d9c285-51e4-9c14-8995-70f35bbdf6f9'}"
qwen_20260530T053203Z,369a9abd-18f7-470b-976b-442881f9724b,deepseek-v4-pro,0.7,P5_high_IA_low_ADHD,bart,46,23,423d400ef891,2026-05-30T07:01:48.292661+00:00,FALSE,FALSE,FALSE,,,,,0.102291107,"PermissionDeniedError: Error code: 403 - {'error': {'message': 'The free tier of the model has been exhausted. If you wish to continue access the model on a paid basis, please disable the ""use free tier only"" mode in the management console.', 'type': 'AllocationQuota.FreeTierOnly', 'param': None, 'code': 'AllocationQuota.FreeTierOnly'}, 'id': 'chatcmpl-a2c2d78d-5f88-91cc-afb0-20ff9ef5f637', 'request_id': 'a2c2d78d-5f88-91cc-afb0-20ff9ef5f637'}"
qwen_20260530T053203Z,a7b7ea0b-bb5d-4cd0-a6fd-7c30a5f18a12,deepseek-v4-pro,0.7,P5_high_IA_low_ADHD,ddt,46,24,87ef88882b52,2026-05-30T07:01:48.596931+00:00,FALSE,FALSE,FALSE,,,,,0.10694313,"PermissionDeniedError: Error code: 403 - {'error': {'message': 'The free tier of the model has been exhausted. If you wish to continue access the model on a paid basis, please disable the ""use free tier only"" mode in the management console.', 'type': 'AllocationQuota.FreeTierOnly', 'param': None, 'code': 'AllocationQuota.FreeTierOnly'}, 'id': 'chatcmpl-94fbabb9-93bf-9e1b-b4ae-0e0ccda3adaf', 'request_id': '94fbabb9-93bf-9e1b-b4ae-0e0ccda3adaf'}"
qwen_20260530T053203Z,cb84c28c-9982-4dd2-ae35-d88debb34a69,deepseek-v4-pro,0.7,P5_high_IA_low_ADHD,questionnaire,46,25,7819a3eaf918,2026-05-30T07:01:48.905366+00:00,FALSE,FALSE,FALSE,,,,,0.105648994,"PermissionDeniedError: Error code: 403 - {'error': {'message': 'The free tier of the model has been exhausted. If you wish to continue access the model on a paid basis, please disable the ""use free tier only"" mode in the management console.', 'type': 'AllocationQuota.FreeTierOnly', 'param': None, 'code': 'AllocationQuota.FreeTierOnly'}, 'id': 'chatcmpl-0e38ee4f-54c1-9d36-abce-bf88512e1e7f', 'request_id': '0e38ee4f-54c1-9d36-abce-bf88512e1e7f'}"
qwen_20260530T053203Z,23eedc1f-a90c-4ef6-8352-52ca257915dc,deepseek-v4-pro,0.7,P1_low_ADHD_low_IA,stroop,47,1,a28333b2ff4e,2026-05-30T07:01:49.212573+00:00,FALSE,FALSE,FALSE,,,,,0.10478878,"PermissionDeniedError: Error code: 403 - {'error': {'message': 'The free tier of the model has been exhausted. If you wish to continue access the model on a paid basis, please disable the ""use free tier only"" mode in the management console.', 'type': 'AllocationQuota.FreeTierOnly', 'param': None, 'code': 'AllocationQuota.FreeTierOnly'}, 'id': 'chatcmpl-565f28aa-1118-9564-936c-24e65adfd503', 'request_id': '565f28aa-1118-9564-936c-24e65adfd503'}"
qwen_20260530T053203Z,5dd4c295-1e39-4910-b25f-c3ec0b182d46,deepseek-v4-pro,0.7,P1_low_ADHD_low_IA,nback,47,2,bf296c6521d9,2026-05-30T07:01:49.520101+00:00,FALSE,FALSE,FALSE,,,,,0.103447676,"PermissionDeniedError: Error code: 403 - {'error': {'message': 'The free tier of the model has been exhausted. If you wish to continue access the model on a paid basis, please disable the ""use free tier only"" mode in the management console.', 'type': 'AllocationQuota.FreeTierOnly', 'param': None, 'code': 'AllocationQuota.FreeTierOnly'}, 'id': 'chatcmpl-b0c319c2-ab99-982d-a46d-fab388cf0bc9', 'request_id': 'b0c319c2-ab99-982d-a46d-fab388cf0bc9'}"
qwen_20260530T053203Z,cd8c4b2d-f32c-477f-9607-db018cc49b65,deepseek-v4-pro,0.7,P1_low_ADHD_low_IA,bart,47,3,00e9a34112ef,2026-05-30T07:01:49.827180+00:00,FALSE,FALSE,FALSE,,,,,0.107144594,"PermissionDeniedError: Error code: 403 - {'error': {'message': 'The free tier of the model has been exhausted. If you wish to continue access the model on a paid basis, please disable the ""use free tier only"" mode in the management console.', 'type': 'AllocationQuota.FreeTierOnly', 'param': None, 'code': 'AllocationQuota.FreeTierOnly'}, 'id': 'chatcmpl-86ca3d20-ff35-9920-83e1-fcc9dd4794e6', 'request_id': '86ca3d20-ff35-9920-83e1-fcc9dd4794e6'}"
qwen_20260530T053203Z,11a9a90f-5ac9-44ff-8bff-e943537562a4,deepseek-v4-pro,0.7,P1_low_ADHD_low_IA,ddt,47,4,bca497425579,2026-05-30T07:01:50.135262+00:00,FALSE,FALSE,FALSE,,,,,0.103880644,"PermissionDeniedError: Error code: 403 - {'error': {'message': 'The free tier of the model has been exhausted. If you wish to continue access the model on a paid basis, please disable the ""use free tier only"" mode in the management console.', 'type': 'AllocationQuota.FreeTierOnly', 'param': None, 'code': 'AllocationQuota.FreeTierOnly'}, 'id': 'chatcmpl-e4c20663-35d2-92a9-a837-0167428ec32d', 'request_id': 'e4c20663-35d2-92a9-a837-0167428ec32d'}"
qwen_20260530T053203Z,47e81b6e-7991-4b61-a4ab-1fcf8fbd5883,deepseek-v4-pro,0.7,P1_low_ADHD_low_IA,questionnaire,47,5,b35916db5599,2026-05-30T07:01:50.440942+00:00,FALSE,FALSE,FALSE,,,,,0.106132269,"PermissionDeniedError: Error code: 403 - {'error': {'message': 'The free tier of the model has been exhausted. If you wish to continue access the model on a paid basis, please disable the ""use free tier only"" mode in the management console.', 'type': 'AllocationQuota.FreeTierOnly', 'param': None, 'code': 'AllocationQuota.FreeTierOnly'}, 'id': 'chatcmpl-dc31e38d-63aa-9d43-a511-04d5437eb0e7', 'request_id': 'dc31e38d-63aa-9d43-a511-04d5437eb0e7'}"
qwen_20260530T053203Z,433a767c-3b12-40be-afcc-295b83c394bb,deepseek-v4-pro,0.7,P2_high_inattention,stroop,47,6,962e434cdd22,2026-05-30T07:01:50.749349+00:00,FALSE,FALSE,FALSE,,,,,0.105037689,"PermissionDeniedError: Error code: 403 - {'error': {'message': 'The free tier of the model has been exhausted. If you wish to continue access the model on a paid basis, please disable the ""use free tier only"" mode in the management console.', 'type': 'AllocationQuota.FreeTierOnly', 'param': None, 'code': 'AllocationQuota.FreeTierOnly'}, 'id': 'chatcmpl-29342691-eb4d-980a-9a25-6a558faa6570', 'request_id': '29342691-eb4d-980a-9a25-6a558faa6570'}"
qwen_20260530T053203Z,092543f3-e3c5-49c5-97ae-557d171d2427,deepseek-v4-pro,0.7,P2_high_inattention,nback,47,7,568ca4db91f7,2026-05-30T07:01:51.056307+00:00,FALSE,FALSE,FALSE,,,,,0.105184555,"PermissionDeniedError: Error code: 403 - {'error': {'message': 'The free tier of the model has been exhausted. If you wish to continue access the model on a paid basis, please disable the ""use free tier only"" mode in the management console.', 'type': 'AllocationQuota.FreeTierOnly', 'param': None, 'code': 'AllocationQuota.FreeTierOnly'}, 'id': 'chatcmpl-7bf808c2-5f71-929e-9863-8f8f3ae7953b', 'request_id': '7bf808c2-5f71-929e-9863-8f8f3ae7953b'}"
qwen_20260530T053203Z,12059232-0393-427b-aa6c-984b8240c94d,deepseek-v4-pro,0.7,P2_high_inattention,bart,47,8,7e57a921aac3,2026-05-30T07:01:51.364304+00:00,FALSE,FALSE,FALSE,,,,,0.105018616,"PermissionDeniedError: Error code: 403 - {'error': {'message': 'The free tier of the model has been exhausted. If you wish to continue access the model on a paid basis, please disable the ""use free tier only"" mode in the management console.', 'type': 'AllocationQuota.FreeTierOnly', 'param': None, 'code': 'AllocationQuota.FreeTierOnly'}, 'id': 'chatcmpl-bbd8db0b-760b-9816-b5ee-80f3b7d69ce4', 'request_id': 'bbd8db0b-760b-9816-b5ee-80f3b7d69ce4'}"
qwen_20260530T053203Z,77f1e121-a187-40c5-b811-b9eb1e7b9d8c,deepseek-v4-pro,0.7,P2_high_inattention,ddt,47,9,e8ba53856771,2026-05-30T07:01:51.670933+00:00,FALSE,FALSE,FALSE,,,,,0.205532789,"PermissionDeniedError: Error code: 403 - {'error': {'message': 'The free tier of the model has been exhausted. If you wish to continue access the model on a paid basis, please disable the ""use free tier only"" mode in the management console.', 'type': 'AllocationQuota.FreeTierOnly', 'param': None, 'code': 'AllocationQuota.FreeTierOnly'}, 'id': 'chatcmpl-2fe13e71-28f3-9308-a1a1-0e2c3cfc234f', 'request_id': '2fe13e71-28f3-9308-a1a1-0e2c3cfc234f'}"
qwen_20260530T053203Z,45d4de74-7c0d-4f88-a1f1-c08b92f5f9b5,deepseek-v4-pro,0.7,P2_high_inattention,questionnaire,47,10,cc4caf5b9c32,2026-05-30T07:01:52.081543+00:00,FALSE,FALSE,FALSE,,,,,0.101424456,"PermissionDeniedError: Error code: 403 - {'error': {'message': 'The free tier of the model has been exhausted. If you wish to continue access the model on a paid basis, please disable the ""use free tier only"" mode in the management console.', 'type': 'AllocationQuota.FreeTierOnly', 'param': None, 'code': 'AllocationQuota.FreeTierOnly'}, 'id': 'chatcmpl-219edf0d-f746-91d6-b1a9-411ee1710d8a', 'request_id': '219edf0d-f746-91d6-b1a9-411ee1710d8a'}"
qwen_20260530T053203Z,2b4aa40a-5b8e-45df-840b-e1492c4fb95e,deepseek-v4-pro,0.7,P3_combined_ADHD,stroop,47,11,27771d10357c,2026-05-30T07:01:52.384300+00:00,FALSE,FALSE,FALSE,,,,,0.106099606,"PermissionDeniedError: Error code: 403 - {'error': {'message': 'The free tier of the model has been exhausted. If you wish to continue access the model on a paid basis, please disable the ""use free tier only"" mode in the management console.', 'type': 'AllocationQuota.FreeTierOnly', 'param': None, 'code': 'AllocationQuota.FreeTierOnly'}, 'id': 'chatcmpl-1e53c312-3d52-9141-a65d-26ed9ba61ce3', 'request_id': '1e53c312-3d52-9141-a65d-26ed9ba61ce3'}"
qwen_20260530T053203Z,28f669c1-3f07-4230-a9d6-86964fb00817,deepseek-v4-pro,0.7,P3_combined_ADHD,nback,47,12,1a799f2c3599,2026-05-30T07:01:52.693422+00:00,FALSE,FALSE,FALSE,,,,,0.209982395,"PermissionDeniedError: Error code: 403 - {'error': {'message': 'The free tier of the model has been exhausted. If you wish to continue access the model on a paid basis, please disable the ""use free tier only"" mode in the management console.', 'type': 'AllocationQuota.FreeTierOnly', 'param': None, 'code': 'AllocationQuota.FreeTierOnly'}, 'id': 'chatcmpl-ec8861e0-6327-9ef1-b9d6-bb4fc240e228', 'request_id': 'ec8861e0-6327-9ef1-b9d6-bb4fc240e228'}"
qwen_20260530T053203Z,3c273bac-ab85-4cfb-8848-d0f6aa483635,deepseek-v4-pro,0.7,P3_combined_ADHD,bart,47,13,4bfd378a6d0e,2026-05-30T07:01:53.106420+00:00,FALSE,FALSE,FALSE,,,,,0.203110933,"PermissionDeniedError: Error code: 403 - {'error': {'message': 'The free tier of the model has been exhausted. If you wish to continue access the model on a paid basis, please disable the ""use free tier only"" mode in the management console.', 'type': 'AllocationQuota.FreeTierOnly', 'param': None, 'code': 'AllocationQuota.FreeTierOnly'}, 'id': 'chatcmpl-da38d0bb-a002-9b14-b415-0e2a3a3a20dc', 'request_id': 'da38d0bb-a002-9b14-b415-0e2a3a3a20dc'}"
qwen_20260530T053203Z,2610ba3a-9305-4185-bee1-876a30bcb192,deepseek-v4-pro,0.7,P3_combined_ADHD,ddt,47,14,b33dd30b8d1a,2026-05-30T07:01:53.511881+00:00,FALSE,FALSE,FALSE,,,,,0.328845501,"PermissionDeniedError: Error code: 403 - {'error': {'message': 'The free tier of the model has been exhausted. If you wish to continue access the model on a paid basis, please disable the ""use free tier only"" mode in the management console.', 'type': 'AllocationQuota.FreeTierOnly', 'param': None, 'code': 'AllocationQuota.FreeTierOnly'}, 'id': 'chatcmpl-0df22843-fb4c-91d6-9540-48f9248f1b95', 'request_id': '0df22843-fb4c-91d6-9540-48f9248f1b95'}"
qwen_20260530T053203Z,946fdde5-67d0-4878-8537-d44283eb204a,deepseek-v4-pro,0.7,P3_combined_ADHD,questionnaire,47,15,228f8e2c9b1d,2026-05-30T07:01:54.041535+00:00,FALSE,FALSE,FALSE,,,,,0.169994354,"PermissionDeniedError: Error code: 403 - {'error': {'message': 'The free tier of the model has been exhausted. If you wish to continue access the model on a paid basis, please disable the ""use free tier only"" mode in the management console.', 'type': 'AllocationQuota.FreeTierOnly', 'param': None, 'code': 'AllocationQuota.FreeTierOnly'}, 'id': 'chatcmpl-3780dff2-a0be-9999-9a3b-ba8ccf355260', 'request_id': '3780dff2-a0be-9999-9a3b-ba8ccf355260'}"
qwen_20260530T053203Z,8b8cd13e-54ff-4d69-9196-3af73d91d6f8,deepseek-v4-pro,0.7,P4_ADHD_high_IA,stroop,47,16,86ad25735c85,2026-05-30T07:01:54.417588+00:00,FALSE,FALSE,FALSE,,,,,0.12105751,"PermissionDeniedError: Error code: 403 - {'error': {'message': 'The free tier of the model has been exhausted. If you wish to continue access the model on a paid basis, please disable the ""use free tier only"" mode in the management console.', 'type': 'AllocationQuota.FreeTierOnly', 'param': None, 'code': 'AllocationQuota.FreeTierOnly'}, 'id': 'chatcmpl-2973eea1-2892-9800-b63b-e1e705289723', 'request_id': '2973eea1-2892-9800-b63b-e1e705289723'}"
qwen_20260530T053203Z,2dca90f6-a9a8-499c-b715-b2f09cf115e6,deepseek-v4-pro,0.7,P4_ADHD_high_IA,nback,47,17,e084d00754e7,2026-05-30T07:01:54.741426+00:00,FALSE,FALSE,FALSE,,,,,0.207778215,"PermissionDeniedError: Error code: 403 - {'error': {'message': 'The free tier of the model has been exhausted. If you wish to continue access the model on a paid basis, please disable the ""use free tier only"" mode in the management console.', 'type': 'AllocationQuota.FreeTierOnly', 'param': None, 'code': 'AllocationQuota.FreeTierOnly'}, 'id': 'chatcmpl-649bd819-d476-9360-b687-37e94c26bfd0', 'request_id': '649bd819-d476-9360-b687-37e94c26bfd0'}"
qwen_20260530T053203Z,d53bc14e-9cda-42ff-88eb-34cc2d91de44,deepseek-v4-pro,0.7,P4_ADHD_high_IA,bart,47,18,3ad0ac5f81d4,2026-05-30T07:01:55.151711+00:00,FALSE,FALSE,FALSE,,,,,0.105565786,"PermissionDeniedError: Error code: 403 - {'error': {'message': 'The free tier of the model has been exhausted. If you wish to continue access the model on a paid basis, please disable the ""use free tier only"" mode in the management console.', 'type': 'AllocationQuota.FreeTierOnly', 'param': None, 'code': 'AllocationQuota.FreeTierOnly'}, 'id': 'chatcmpl-0ac7affb-72fc-95d9-acac-61237c475fbb', 'request_id': '0ac7affb-72fc-95d9-acac-61237c475fbb'}"
qwen_20260530T053203Z,c55a2809-a1b5-4bd0-9e3e-adf0de539a53,deepseek-v4-pro,0.7,P4_ADHD_high_IA,ddt,47,19,5a26b73a4099,2026-05-30T07:01:55.459707+00:00,FALSE,FALSE,FALSE,,,,,0.103274345,"PermissionDeniedError: Error code: 403 - {'error': {'message': 'The free tier of the model has been exhausted. If you wish to continue access the model on a paid basis, please disable the ""use free tier only"" mode in the management console.', 'type': 'AllocationQuota.FreeTierOnly', 'param': None, 'code': 'AllocationQuota.FreeTierOnly'}, 'id': 'chatcmpl-f79a2a18-9573-92d6-8920-888ed999af8c', 'request_id': 'f79a2a18-9573-92d6-8920-888ed999af8c'}"
qwen_20260530T053203Z,f531706e-0a4f-41cf-b1c9-9cdc434f7aea,deepseek-v4-pro,0.7,P4_ADHD_high_IA,questionnaire,47,20,f69d6600ccdf,2026-05-30T07:01:55.766405+00:00,FALSE,FALSE,FALSE,,,,,0.108450651,"PermissionDeniedError: Error code: 403 - {'error': {'message': 'The free tier of the model has been exhausted. If you wish to continue access the model on a paid basis, please disable the ""use free tier only"" mode in the management console.', 'type': 'AllocationQuota.FreeTierOnly', 'param': None, 'code': 'AllocationQuota.FreeTierOnly'}, 'id': 'chatcmpl-cca0bf82-84dc-9831-b942-0c3a651c8b26', 'request_id': 'cca0bf82-84dc-9831-b942-0c3a651c8b26'}"
qwen_20260530T053203Z,d9dd49f1-43aa-48e0-aa77-7b9e833cab4f,deepseek-v4-pro,0.7,P5_high_IA_low_ADHD,stroop,47,21,af41f22a6d91,2026-05-30T07:01:56.077512+00:00,FALSE,FALSE,FALSE,,,,,0.114538908,"PermissionDeniedError: Error code: 403 - {'error': {'message': 'The free tier of the model has been exhausted. If you wish to continue access the model on a paid basis, please disable the ""use free tier only"" mode in the management console.', 'type': 'AllocationQuota.FreeTierOnly', 'param': None, 'code': 'AllocationQuota.FreeTierOnly'}, 'id': 'chatcmpl-22965df4-0c6e-97d9-acc3-5f1e9990b5a7', 'request_id': '22965df4-0c6e-97d9-acc3-5f1e9990b5a7'}"
qwen_20260530T053203Z,9dd0edd1-9e81-4ea5-8cf5-dc9d36375f9b,deepseek-v4-pro,0.7,P5_high_IA_low_ADHD,nback,47,22,5f025aa2c4b7,2026-05-30T07:01:56.394409+00:00,FALSE,FALSE,FALSE,,,,,0.092752934,"PermissionDeniedError: Error code: 403 - {'error': {'message': 'The free tier of the model has been exhausted. If you wish to continue access the model on a paid basis, please disable the ""use free tier only"" mode in the management console.', 'type': 'AllocationQuota.FreeTierOnly', 'param': None, 'code': 'AllocationQuota.FreeTierOnly'}, 'id': 'chatcmpl-b06ac112-854e-95c5-a80e-223f5fd258b5', 'request_id': 'b06ac112-854e-95c5-a80e-223f5fd258b5'}"
qwen_20260530T053203Z,64292e8e-12eb-410f-bce6-1ef682f56be4,deepseek-v4-pro,0.7,P5_high_IA_low_ADHD,bart,47,23,423d400ef891,2026-05-30T07:01:56.689152+00:00,FALSE,FALSE,FALSE,,,,,0.102763414,"PermissionDeniedError: Error code: 403 - {'error': {'message': 'The free tier of the model has been exhausted. If you wish to continue access the model on a paid basis, please disable the ""use free tier only"" mode in the management console.', 'type': 'AllocationQuota.FreeTierOnly', 'param': None, 'code': 'AllocationQuota.FreeTierOnly'}, 'id': 'chatcmpl-e6f9e9ac-d8c5-9961-8f09-711f4928034f', 'request_id': 'e6f9e9ac-d8c5-9961-8f09-711f4928034f'}"
qwen_20260530T053203Z,4265877c-0416-4ab3-8064-d0e84e56ce06,deepseek-v4-pro,0.7,P5_high_IA_low_ADHD,ddt,47,24,87ef88882b52,2026-05-30T07:01:56.994200+00:00,FALSE,FALSE,FALSE,,,,,0.104596376,"PermissionDeniedError: Error code: 403 - {'error': {'message': 'The free tier of the model has been exhausted. If you wish to continue access the model on a paid basis, please disable the ""use free tier only"" mode in the management console.', 'type': 'AllocationQuota.FreeTierOnly', 'param': None, 'code': 'AllocationQuota.FreeTierOnly'}, 'id': 'chatcmpl-a1e75acc-1b26-9148-95c3-9eb35543bde3', 'request_id': 'a1e75acc-1b26-9148-95c3-9eb35543bde3'}"
qwen_20260530T053203Z,ea41c2d3-0d75-4412-86f4-b360f7f970e1,deepseek-v4-pro,0.7,P5_high_IA_low_ADHD,questionnaire,47,25,7819a3eaf918,2026-05-30T07:01:57.300128+00:00,FALSE,FALSE,FALSE,,,,,0.112045288,"PermissionDeniedError: Error code: 403 - {'error': {'message': 'The free tier of the model has been exhausted. If you wish to continue access the model on a paid basis, please disable the ""use free tier only"" mode in the management console.', 'type': 'AllocationQuota.FreeTierOnly', 'param': None, 'code': 'AllocationQuota.FreeTierOnly'}, 'id': 'chatcmpl-c82a5c11-4e65-9046-9497-22ba803cf69c', 'request_id': 'c82a5c11-4e65-9046-9497-22ba803cf69c'}"
qwen_20260530T053203Z,4387bd08-38a0-4c8d-8730-a66f61920bd4,deepseek-v4-pro,0.7,P1_low_ADHD_low_IA,stroop,48,1,a28333b2ff4e,2026-05-30T07:01:57.614074+00:00,FALSE,FALSE,FALSE,,,,,0.203053474,"PermissionDeniedError: Error code: 403 - {'error': {'message': 'The free tier of the model has been exhausted. If you wish to continue access the model on a paid basis, please disable the ""use free tier only"" mode in the management console.', 'type': 'AllocationQuota.FreeTierOnly', 'param': None, 'code': 'AllocationQuota.FreeTierOnly'}, 'id': 'chatcmpl-abb85261-cb31-99e6-98c2-1ee3f85d2dda', 'request_id': 'abb85261-cb31-99e6-98c2-1ee3f85d2dda'}"
qwen_20260530T053203Z,e7e5feb9-5f78-43a6-9d9e-8089f4a4fe6c,deepseek-v4-pro,0.7,P1_low_ADHD_low_IA,nback,48,2,bf296c6521d9,2026-05-30T07:01:58.018685+00:00,FALSE,FALSE,FALSE,,,,,0.186954021,"PermissionDeniedError: Error code: 403 - {'error': {'message': 'The free tier of the model has been exhausted. If you wish to continue access the model on a paid basis, please disable the ""use free tier only"" mode in the management console.', 'type': 'AllocationQuota.FreeTierOnly', 'param': None, 'code': 'AllocationQuota.FreeTierOnly'}, 'id': 'chatcmpl-7ddc0a0b-f2a9-9070-b0ba-26ef67ab3320', 'request_id': '7ddc0a0b-f2a9-9070-b0ba-26ef67ab3320'}"
qwen_20260530T053203Z,c69b2f64-56f4-4054-a9ae-d9380081a22e,deepseek-v4-pro,0.7,P1_low_ADHD_low_IA,bart,48,3,00e9a34112ef,2026-05-30T07:01:58.408027+00:00,FALSE,FALSE,FALSE,,,,,0.137506962,"PermissionDeniedError: Error code: 403 - {'error': {'message': 'The free tier of the model has been exhausted. If you wish to continue access the model on a paid basis, please disable the ""use free tier only"" mode in the management console.', 'type': 'AllocationQuota.FreeTierOnly', 'param': None, 'code': 'AllocationQuota.FreeTierOnly'}, 'id': 'chatcmpl-64add890-9339-911b-b556-4b3447465f84', 'request_id': '64add890-9339-911b-b556-4b3447465f84'}"
qwen_20260530T053203Z,d8d5792f-81aa-4722-b243-c5e3f7bf8850,deepseek-v4-pro,0.7,P1_low_ADHD_low_IA,ddt,48,4,bca497425579,2026-05-30T07:01:58.748124+00:00,FALSE,FALSE,FALSE,,,,,0.09271431,"PermissionDeniedError: Error code: 403 - {'error': {'message': 'The free tier of the model has been exhausted. If you wish to continue access the model on a paid basis, please disable the ""use free tier only"" mode in the management console.', 'type': 'AllocationQuota.FreeTierOnly', 'param': None, 'code': 'AllocationQuota.FreeTierOnly'}, 'id': 'chatcmpl-400a7b8f-a130-9a69-a318-adbbbbc9be02', 'request_id': '400a7b8f-a130-9a69-a318-adbbbbc9be02'}"
qwen_20260530T053203Z,275afedd-b003-458b-afd9-6cea3973176e,deepseek-v4-pro,0.7,P1_low_ADHD_low_IA,questionnaire,48,5,b35916db5599,2026-05-30T07:01:59.042807+00:00,FALSE,FALSE,FALSE,,,,,0.114258051,"PermissionDeniedError: Error code: 403 - {'error': {'message': 'The free tier of the model has been exhausted. If you wish to continue access the model on a paid basis, please disable the ""use free tier only"" mode in the management console.', 'type': 'AllocationQuota.FreeTierOnly', 'param': None, 'code': 'AllocationQuota.FreeTierOnly'}, 'id': 'chatcmpl-71acb672-0c74-90b5-8f07-75a562a3ce7a', 'request_id': '71acb672-0c74-90b5-8f07-75a562a3ce7a'}"
qwen_20260530T053203Z,2c18c599-cdad-48a0-a73e-b6063c2fc73c,deepseek-v4-pro,0.7,P2_high_inattention,stroop,48,6,962e434cdd22,2026-05-30T07:01:59.360023+00:00,FALSE,FALSE,FALSE,,,,,0.094088793,"PermissionDeniedError: Error code: 403 - {'error': {'message': 'The free tier of the model has been exhausted. If you wish to continue access the model on a paid basis, please disable the ""use free tier only"" mode in the management console.', 'type': 'AllocationQuota.FreeTierOnly', 'param': None, 'code': 'AllocationQuota.FreeTierOnly'}, 'id': 'chatcmpl-a131dc51-7c1a-955d-a43a-465bd99e9b91', 'request_id': 'a131dc51-7c1a-955d-a43a-465bd99e9b91'}"
qwen_20260530T053203Z,0b3546c0-4df3-41d3-a98f-60d16775f82e,deepseek-v4-pro,0.7,P2_high_inattention,nback,48,7,568ca4db91f7,2026-05-30T07:01:59.655921+00:00,FALSE,FALSE,FALSE,,,,,0.108286381,"PermissionDeniedError: Error code: 403 - {'error': {'message': 'The free tier of the model has been exhausted. If you wish to continue access the model on a paid basis, please disable the ""use free tier only"" mode in the management console.', 'type': 'AllocationQuota.FreeTierOnly', 'param': None, 'code': 'AllocationQuota.FreeTierOnly'}, 'id': 'chatcmpl-e01f21b0-dcf2-95ae-9afd-909a7cc82623', 'request_id': 'e01f21b0-dcf2-95ae-9afd-909a7cc82623'}"
qwen_20260530T053203Z,ebb36f8d-81af-4be8-b32c-c3dd85b3328f,deepseek-v4-pro,0.7,P2_high_inattention,bart,48,8,7e57a921aac3,2026-05-30T07:01:59.967747+00:00,FALSE,FALSE,FALSE,,,,,0.106489658,"PermissionDeniedError: Error code: 403 - {'error': {'message': 'The free tier of the model has been exhausted. If you wish to continue access the model on a paid basis, please disable the ""use free tier only"" mode in the management console.', 'type': 'AllocationQuota.FreeTierOnly', 'param': None, 'code': 'AllocationQuota.FreeTierOnly'}, 'id': 'chatcmpl-0843b9d2-130c-9a24-8a27-55180856de88', 'request_id': '0843b9d2-130c-9a24-8a27-55180856de88'}"
qwen_20260530T053203Z,b96a0b20-7636-4cc6-a17f-60e24cd2e0b8,deepseek-v4-pro,0.7,P2_high_inattention,ddt,48,9,e8ba53856771,2026-05-30T07:02:00.277109+00:00,FALSE,FALSE,FALSE,,,,,0.098362446,"PermissionDeniedError: Error code: 403 - {'error': {'message': 'The free tier of the model has been exhausted. If you wish to continue access the model on a paid basis, please disable the ""use free tier only"" mode in the management console.', 'type': 'AllocationQuota.FreeTierOnly', 'param': None, 'code': 'AllocationQuota.FreeTierOnly'}, 'id': 'chatcmpl-a57d6ce1-952c-9113-82a8-ce7d82b9cae6', 'request_id': 'a57d6ce1-952c-9113-82a8-ce7d82b9cae6'}"
qwen_20260530T053203Z,fc127290-4804-4776-a83b-7a64514c1e12,deepseek-v4-pro,0.7,P2_high_inattention,questionnaire,48,10,cc4caf5b9c32,2026-05-30T07:02:00.577688+00:00,FALSE,FALSE,FALSE,,,,,0.10554266,"PermissionDeniedError: Error code: 403 - {'error': {'message': 'The free tier of the model has been exhausted. If you wish to continue access the model on a paid basis, please disable the ""use free tier only"" mode in the management console.', 'type': 'AllocationQuota.FreeTierOnly', 'param': None, 'code': 'AllocationQuota.FreeTierOnly'}, 'id': 'chatcmpl-89b72346-82ea-9bc2-90ff-d96bc159c18c', 'request_id': '89b72346-82ea-9bc2-90ff-d96bc159c18c'}"
qwen_20260530T053203Z,e33afc38-e4de-4397-b597-be7107423a36,deepseek-v4-pro,0.7,P3_combined_ADHD,stroop,48,11,27771d10357c,2026-05-30T07:02:00.886044+00:00,FALSE,FALSE,FALSE,,,,,0.105464935,"PermissionDeniedError: Error code: 403 - {'error': {'message': 'The free tier of the model has been exhausted. If you wish to continue access the model on a paid basis, please disable the ""use free tier only"" mode in the management console.', 'type': 'AllocationQuota.FreeTierOnly', 'param': None, 'code': 'AllocationQuota.FreeTierOnly'}, 'id': 'chatcmpl-727213ce-ebbf-960e-ba3f-16f6ac71999c', 'request_id': '727213ce-ebbf-960e-ba3f-16f6ac71999c'}"
qwen_20260530T053203Z,aaf025a9-dd2b-4a11-a866-31c26d42e1f9,deepseek-v4-pro,0.7,P3_combined_ADHD,nback,48,12,1a799f2c3599,2026-05-30T07:02:01.193080+00:00,FALSE,FALSE,FALSE,,,,,0.105140924,"PermissionDeniedError: Error code: 403 - {'error': {'message': 'The free tier of the model has been exhausted. If you wish to continue access the model on a paid basis, please disable the ""use free tier only"" mode in the management console.', 'type': 'AllocationQuota.FreeTierOnly', 'param': None, 'code': 'AllocationQuota.FreeTierOnly'}, 'id': 'chatcmpl-4fd802b0-7bbf-9c5c-8b11-e839b462f89b', 'request_id': '4fd802b0-7bbf-9c5c-8b11-e839b462f89b'}"
qwen_20260530T053203Z,a0c5edc9-0828-4889-8a0e-0792a55bfaea,deepseek-v4-pro,0.7,P3_combined_ADHD,bart,48,13,4bfd378a6d0e,2026-05-30T07:02:01.501179+00:00,FALSE,FALSE,FALSE,,,,,0.11379528,"PermissionDeniedError: Error code: 403 - {'error': {'message': 'The free tier of the model has been exhausted. If you wish to continue access the model on a paid basis, please disable the ""use free tier only"" mode in the management console.', 'type': 'AllocationQuota.FreeTierOnly', 'param': None, 'code': 'AllocationQuota.FreeTierOnly'}, 'id': 'chatcmpl-edd25894-a54f-9a80-ab17-a51215ee80e7', 'request_id': 'edd25894-a54f-9a80-ab17-a51215ee80e7'}"
qwen_20260530T053203Z,aa69d603-a36a-4165-b840-054d767e601f,deepseek-v4-pro,0.7,P3_combined_ADHD,ddt,48,14,b33dd30b8d1a,2026-05-30T07:02:01.816825+00:00,FALSE,FALSE,FALSE,,,,,0.097554445,"PermissionDeniedError: Error code: 403 - {'error': {'message': 'The free tier of the model has been exhausted. If you wish to continue access the model on a paid basis, please disable the ""use free tier only"" mode in the management console.', 'type': 'AllocationQuota.FreeTierOnly', 'param': None, 'code': 'AllocationQuota.FreeTierOnly'}, 'id': 'chatcmpl-b8abdd9f-ac8f-9dd0-86f8-2a02242ce60a', 'request_id': 'b8abdd9f-ac8f-9dd0-86f8-2a02242ce60a'}"
qwen_20260530T053203Z,46d0bb59-a595-4fb5-919e-82bb34685529,deepseek-v4-pro,0.7,P3_combined_ADHD,questionnaire,48,15,228f8e2c9b1d,2026-05-30T07:02:02.116885+00:00,FALSE,FALSE,FALSE,,,,,0.410666704,"PermissionDeniedError: Error code: 403 - {'error': {'message': 'The free tier of the model has been exhausted. If you wish to continue access the model on a paid basis, please disable the ""use free tier only"" mode in the management console.', 'type': 'AllocationQuota.FreeTierOnly', 'param': None, 'code': 'AllocationQuota.FreeTierOnly'}, 'id': 'chatcmpl-56a6740f-41ea-9c25-b551-687d2315c620', 'request_id': '56a6740f-41ea-9c25-b551-687d2315c620'}"
qwen_20260530T053203Z,932a03ad-80fb-4bfb-ba10-d27f6888d2a1,deepseek-v4-pro,0.7,P4_ADHD_high_IA,stroop,48,16,86ad25735c85,2026-05-30T07:02:02.729253+00:00,FALSE,FALSE,FALSE,,,,,0.207140684,"PermissionDeniedError: Error code: 403 - {'error': {'message': 'The free tier of the model has been exhausted. If you wish to continue access the model on a paid basis, please disable the ""use free tier only"" mode in the management console.', 'type': 'AllocationQuota.FreeTierOnly', 'param': None, 'code': 'AllocationQuota.FreeTierOnly'}, 'id': 'chatcmpl-9d212c11-4304-9010-a5cc-d1f5c6c92ee1', 'request_id': '9d212c11-4304-9010-a5cc-d1f5c6c92ee1'}"
qwen_20260530T053203Z,49cb3e05-ac89-4ea8-b52e-c85d37f59229,deepseek-v4-pro,0.7,P4_ADHD_high_IA,nback,48,17,e084d00754e7,2026-05-30T07:02:03.138851+00:00,FALSE,FALSE,FALSE,,,,,0.104588509,"PermissionDeniedError: Error code: 403 - {'error': {'message': 'The free tier of the model has been exhausted. If you wish to continue access the model on a paid basis, please disable the ""use free tier only"" mode in the management console.', 'type': 'AllocationQuota.FreeTierOnly', 'param': None, 'code': 'AllocationQuota.FreeTierOnly'}, 'id': 'chatcmpl-407a0de8-debb-9ead-b7f4-62f1c4f78470', 'request_id': '407a0de8-debb-9ead-b7f4-62f1c4f78470'}"
qwen_20260530T053203Z,5becc9ce-c69d-478a-b0df-98421cc67acb,deepseek-v4-pro,0.7,P4_ADHD_high_IA,bart,48,18,3ad0ac5f81d4,2026-05-30T07:02:03.446420+00:00,FALSE,FALSE,FALSE,,,,,0.103814125,"PermissionDeniedError: Error code: 403 - {'error': {'message': 'The free tier of the model has been exhausted. If you wish to continue access the model on a paid basis, please disable the ""use free tier only"" mode in the management console.', 'type': 'AllocationQuota.FreeTierOnly', 'param': None, 'code': 'AllocationQuota.FreeTierOnly'}, 'id': 'chatcmpl-c542a720-75dd-93b3-bacb-17262ce5dab6', 'request_id': 'c542a720-75dd-93b3-bacb-17262ce5dab6'}"
qwen_20260530T053203Z,fbab3fed-5e6e-419f-bbea-31b94aa7d66a,deepseek-v4-pro,0.7,P4_ADHD_high_IA,ddt,48,19,5a26b73a4099,2026-05-30T07:02:03.751780+00:00,FALSE,FALSE,FALSE,,,,,0.107099771,"PermissionDeniedError: Error code: 403 - {'error': {'message': 'The free tier of the model has been exhausted. If you wish to continue access the model on a paid basis, please disable the ""use free tier only"" mode in the management console.', 'type': 'AllocationQuota.FreeTierOnly', 'param': None, 'code': 'AllocationQuota.FreeTierOnly'}, 'id': 'chatcmpl-c606813d-4ca1-90a7-8036-804f41265347', 'request_id': 'c606813d-4ca1-90a7-8036-804f41265347'}"
qwen_20260530T053203Z,b68173d7-f9c1-48ac-9ba1-935c0c0ebc60,deepseek-v4-pro,0.7,P4_ADHD_high_IA,questionnaire,48,20,f69d6600ccdf,2026-05-30T07:02:04.061525+00:00,FALSE,FALSE,FALSE,,,,,0.103594065,"PermissionDeniedError: Error code: 403 - {'error': {'message': 'The free tier of the model has been exhausted. If you wish to continue access the model on a paid basis, please disable the ""use free tier only"" mode in the management console.', 'type': 'AllocationQuota.FreeTierOnly', 'param': None, 'code': 'AllocationQuota.FreeTierOnly'}, 'id': 'chatcmpl-ab4b1e42-6bed-9182-9011-e6fd953abf97', 'request_id': 'ab4b1e42-6bed-9182-9011-e6fd953abf97'}"
qwen_20260530T053203Z,1399899c-be02-4fd2-bdcb-a287a9692f01,deepseek-v4-pro,0.7,P5_high_IA_low_ADHD,stroop,48,21,af41f22a6d91,2026-05-30T07:02:04.366503+00:00,FALSE,FALSE,FALSE,,,,,0.106016874,"PermissionDeniedError: Error code: 403 - {'error': {'message': 'The free tier of the model has been exhausted. If you wish to continue access the model on a paid basis, please disable the ""use free tier only"" mode in the management console.', 'type': 'AllocationQuota.FreeTierOnly', 'param': None, 'code': 'AllocationQuota.FreeTierOnly'}, 'id': 'chatcmpl-697c028c-1529-91df-8b06-621644d4a973', 'request_id': '697c028c-1529-91df-8b06-621644d4a973'}"
qwen_20260530T053203Z,4d5154fd-80bb-48ec-8bb9-2fc0ee2084b2,deepseek-v4-pro,0.7,P5_high_IA_low_ADHD,nback,48,22,5f025aa2c4b7,2026-05-30T07:02:04.674706+00:00,FALSE,FALSE,FALSE,,,,,0.104063034,"PermissionDeniedError: Error code: 403 - {'error': {'message': 'The free tier of the model has been exhausted. If you wish to continue access the model on a paid basis, please disable the ""use free tier only"" mode in the management console.', 'type': 'AllocationQuota.FreeTierOnly', 'param': None, 'code': 'AllocationQuota.FreeTierOnly'}, 'id': 'chatcmpl-e1b4238e-be83-9cb3-84a6-cf4ddd9e29bb', 'request_id': 'e1b4238e-be83-9cb3-84a6-cf4ddd9e29bb'}"
qwen_20260530T053203Z,0b11dbce-25b2-4c59-be27-eb90c61e37b3,deepseek-v4-pro,0.7,P5_high_IA_low_ADHD,bart,48,23,423d400ef891,2026-05-30T07:02:04.980737+00:00,FALSE,FALSE,FALSE,,,,,0.105434656,"PermissionDeniedError: Error code: 403 - {'error': {'message': 'The free tier of the model has been exhausted. If you wish to continue access the model on a paid basis, please disable the ""use free tier only"" mode in the management console.', 'type': 'AllocationQuota.FreeTierOnly', 'param': None, 'code': 'AllocationQuota.FreeTierOnly'}, 'id': 'chatcmpl-3add62a2-7297-98ad-8655-8d34b25bec48', 'request_id': '3add62a2-7297-98ad-8655-8d34b25bec48'}"
qwen_20260530T053203Z,d40ef2f3-bf4a-4b5f-9399-b059ee0a56b9,deepseek-v4-pro,0.7,P5_high_IA_low_ADHD,ddt,48,24,87ef88882b52,2026-05-30T07:02:05.290331+00:00,FALSE,FALSE,FALSE,,,,,0.102352142,"PermissionDeniedError: Error code: 403 - {'error': {'message': 'The free tier of the model has been exhausted. If you wish to continue access the model on a paid basis, please disable the ""use free tier only"" mode in the management console.', 'type': 'AllocationQuota.FreeTierOnly', 'param': None, 'code': 'AllocationQuota.FreeTierOnly'}, 'id': 'chatcmpl-b7f4e467-f70c-91ff-a1a0-0de933001d4d', 'request_id': 'b7f4e467-f70c-91ff-a1a0-0de933001d4d'}"
qwen_20260530T053203Z,338984b6-34bf-4a8b-975d-f865c59bd13a,deepseek-v4-pro,0.7,P5_high_IA_low_ADHD,questionnaire,48,25,7819a3eaf918,2026-05-30T07:02:05.594516+00:00,FALSE,FALSE,FALSE,,,,,0.108282804,"PermissionDeniedError: Error code: 403 - {'error': {'message': 'The free tier of the model has been exhausted. If you wish to continue access the model on a paid basis, please disable the ""use free tier only"" mode in the management console.', 'type': 'AllocationQuota.FreeTierOnly', 'param': None, 'code': 'AllocationQuota.FreeTierOnly'}, 'id': 'chatcmpl-97e8bb73-3375-9d89-bd25-1a1af045f60a', 'request_id': '97e8bb73-3375-9d89-bd25-1a1af045f60a'}"
qwen_20260530T053203Z,0a15f997-9091-4828-9adb-678886cfe8f9,deepseek-v4-pro,0.7,P1_low_ADHD_low_IA,stroop,49,1,a28333b2ff4e,2026-05-30T07:02:05.904540+00:00,FALSE,FALSE,FALSE,,,,,0.105387926,"PermissionDeniedError: Error code: 403 - {'error': {'message': 'The free tier of the model has been exhausted. If you wish to continue access the model on a paid basis, please disable the ""use free tier only"" mode in the management console.', 'type': 'AllocationQuota.FreeTierOnly', 'param': None, 'code': 'AllocationQuota.FreeTierOnly'}, 'id': 'chatcmpl-fb215eba-6a29-9a92-84f0-f64162892a0c', 'request_id': 'fb215eba-6a29-9a92-84f0-f64162892a0c'}"
qwen_20260530T053203Z,77b3a79f-d3eb-4ca1-9007-09cb97f01361,deepseek-v4-pro,0.7,P1_low_ADHD_low_IA,nback,49,2,bf296c6521d9,2026-05-30T07:02:06.212658+00:00,FALSE,FALSE,FALSE,,,,,0.104182005,"PermissionDeniedError: Error code: 403 - {'error': {'message': 'The free tier of the model has been exhausted. If you wish to continue access the model on a paid basis, please disable the ""use free tier only"" mode in the management console.', 'type': 'AllocationQuota.FreeTierOnly', 'param': None, 'code': 'AllocationQuota.FreeTierOnly'}, 'id': 'chatcmpl-3a3b8532-a23a-9501-b1be-a977c0f38815', 'request_id': '3a3b8532-a23a-9501-b1be-a977c0f38815'}"
qwen_20260530T053203Z,e3bb24e1-d7f1-4933-9264-19232613af32,deepseek-v4-pro,0.7,P1_low_ADHD_low_IA,bart,49,3,00e9a34112ef,2026-05-30T07:02:06.519407+00:00,FALSE,FALSE,FALSE,,,,,0.088210821,"PermissionDeniedError: Error code: 403 - {'error': {'message': 'The free tier of the model has been exhausted. If you wish to continue access the model on a paid basis, please disable the ""use free tier only"" mode in the management console.', 'type': 'AllocationQuota.FreeTierOnly', 'param': None, 'code': 'AllocationQuota.FreeTierOnly'}, 'id': 'chatcmpl-7114b941-b5a2-9c9a-841d-ff5824d18cd6', 'request_id': '7114b941-b5a2-9c9a-841d-ff5824d18cd6'}"
qwen_20260530T053203Z,d0965d70-09ba-4774-896e-f164dbe15f73,deepseek-v4-pro,0.7,P1_low_ADHD_low_IA,ddt,49,4,bca497425579,2026-05-30T07:02:06.809044+00:00,FALSE,FALSE,FALSE,,,,,0.108106852,"PermissionDeniedError: Error code: 403 - {'error': {'message': 'The free tier of the model has been exhausted. If you wish to continue access the model on a paid basis, please disable the ""use free tier only"" mode in the management console.', 'type': 'AllocationQuota.FreeTierOnly', 'param': None, 'code': 'AllocationQuota.FreeTierOnly'}, 'id': 'chatcmpl-5f377b63-e3e7-98bf-be1c-de5c38fdc2ba', 'request_id': '5f377b63-e3e7-98bf-be1c-de5c38fdc2ba'}"
qwen_20260530T053203Z,4104a003-eb51-4872-965c-507901abbffc,deepseek-v4-pro,0.7,P1_low_ADHD_low_IA,questionnaire,49,5,b35916db5599,2026-05-30T07:02:07.118616+00:00,FALSE,FALSE,FALSE,,,,,0.118449211,"PermissionDeniedError: Error code: 403 - {'error': {'message': 'The free tier of the model has been exhausted. If you wish to continue access the model on a paid basis, please disable the ""use free tier only"" mode in the management console.', 'type': 'AllocationQuota.FreeTierOnly', 'param': None, 'code': 'AllocationQuota.FreeTierOnly'}, 'id': 'chatcmpl-078b25f2-0dfb-9bab-a71f-4a1728273d7a', 'request_id': '078b25f2-0dfb-9bab-a71f-4a1728273d7a'}"
qwen_20260530T053203Z,a81f87bf-b006-4927-a088-91edc3122355,deepseek-v4-pro,0.7,P2_high_inattention,stroop,49,6,962e434cdd22,2026-05-30T07:02:07.439180+00:00,FALSE,FALSE,FALSE,,,,,0.103302956,"PermissionDeniedError: Error code: 403 - {'error': {'message': 'The free tier of the model has been exhausted. If you wish to continue access the model on a paid basis, please disable the ""use free tier only"" mode in the management console.', 'type': 'AllocationQuota.FreeTierOnly', 'param': None, 'code': 'AllocationQuota.FreeTierOnly'}, 'id': 'chatcmpl-c82a6181-8849-968b-9705-367cef8e48e6', 'request_id': 'c82a6181-8849-968b-9705-367cef8e48e6'}"
qwen_20260530T053203Z,d6098b95-03cc-4cfe-bb6d-e0d0dada960e,deepseek-v4-pro,0.7,P2_high_inattention,nback,49,7,568ca4db91f7,2026-05-30T07:02:07.745823+00:00,FALSE,FALSE,FALSE,,,,,0.106298685,"PermissionDeniedError: Error code: 403 - {'error': {'message': 'The free tier of the model has been exhausted. If you wish to continue access the model on a paid basis, please disable the ""use free tier only"" mode in the management console.', 'type': 'AllocationQuota.FreeTierOnly', 'param': None, 'code': 'AllocationQuota.FreeTierOnly'}, 'id': 'chatcmpl-2c3e0ef6-079a-962a-b5d7-6c7af3bafc89', 'request_id': '2c3e0ef6-079a-962a-b5d7-6c7af3bafc89'}"
qwen_20260530T053203Z,5131af36-6ed6-46aa-bc5d-9a1d6aba29dc,deepseek-v4-pro,0.7,P2_high_inattention,bart,49,8,7e57a921aac3,2026-05-30T07:02:08.053890+00:00,FALSE,FALSE,FALSE,,,,,0.103035927,"PermissionDeniedError: Error code: 403 - {'error': {'message': 'The free tier of the model has been exhausted. If you wish to continue access the model on a paid basis, please disable the ""use free tier only"" mode in the management console.', 'type': 'AllocationQuota.FreeTierOnly', 'param': None, 'code': 'AllocationQuota.FreeTierOnly'}, 'id': 'chatcmpl-bc990bbb-bfff-9b76-a48e-64cb18ed3e08', 'request_id': 'bc990bbb-bfff-9b76-a48e-64cb18ed3e08'}"
qwen_20260530T053203Z,d9956ff4-840a-4056-80e4-aa80550ad83d,deepseek-v4-pro,0.7,P2_high_inattention,ddt,49,9,e8ba53856771,2026-05-30T07:02:08.358486+00:00,FALSE,FALSE,FALSE,,,,,0.108935356,"PermissionDeniedError: Error code: 403 - {'error': {'message': 'The free tier of the model has been exhausted. If you wish to continue access the model on a paid basis, please disable the ""use free tier only"" mode in the management console.', 'type': 'AllocationQuota.FreeTierOnly', 'param': None, 'code': 'AllocationQuota.FreeTierOnly'}, 'id': 'chatcmpl-89d6bd89-db19-92c8-be29-0cb777f9d93a', 'request_id': '89d6bd89-db19-92c8-be29-0cb777f9d93a'}"
qwen_20260530T053203Z,42dec826-cb3d-4e30-bcae-b5df69686f77,deepseek-v4-pro,0.7,P2_high_inattention,questionnaire,49,10,cc4caf5b9c32,2026-05-30T07:02:08.730128+00:00,FALSE,FALSE,FALSE,,,,,0.247434855,"PermissionDeniedError: Error code: 403 - {'error': {'message': 'The free tier of the model has been exhausted. If you wish to continue access the model on a paid basis, please disable the ""use free tier only"" mode in the management console.', 'type': 'AllocationQuota.FreeTierOnly', 'param': None, 'code': 'AllocationQuota.FreeTierOnly'}, 'id': 'chatcmpl-c3a09c6e-9988-9465-807b-73e856209377', 'request_id': 'c3a09c6e-9988-9465-807b-73e856209377'}"
qwen_20260530T053203Z,bc47b3e0-1a6d-478a-81c4-875043194ee2,deepseek-v4-pro,0.7,P3_combined_ADHD,stroop,49,11,27771d10357c,2026-05-30T07:02:09.178973+00:00,FALSE,FALSE,FALSE,,,,,0.104782581,"PermissionDeniedError: Error code: 403 - {'error': {'message': 'The free tier of the model has been exhausted. If you wish to continue access the model on a paid basis, please disable the ""use free tier only"" mode in the management console.', 'type': 'AllocationQuota.FreeTierOnly', 'param': None, 'code': 'AllocationQuota.FreeTierOnly'}, 'id': 'chatcmpl-f2093b58-d0ea-9432-ad1e-e405bca83a13', 'request_id': 'f2093b58-d0ea-9432-ad1e-e405bca83a13'}"
qwen_20260530T053203Z,778854d4-a839-45b5-96e1-638d6a1ecff7,deepseek-v4-pro,0.7,P3_combined_ADHD,nback,49,12,1a799f2c3599,2026-05-30T07:02:09.484661+00:00,FALSE,FALSE,FALSE,,,,,0.108986855,"PermissionDeniedError: Error code: 403 - {'error': {'message': 'The free tier of the model has been exhausted. If you wish to continue access the model on a paid basis, please disable the ""use free tier only"" mode in the management console.', 'type': 'AllocationQuota.FreeTierOnly', 'param': None, 'code': 'AllocationQuota.FreeTierOnly'}, 'id': 'chatcmpl-eaa35c32-cbb7-9ed3-9613-ad5020cf0df7', 'request_id': 'eaa35c32-cbb7-9ed3-9613-ad5020cf0df7'}"
qwen_20260530T053203Z,404329e4-2cc5-467a-bada-cb439defa97e,deepseek-v4-pro,0.7,P3_combined_ADHD,bart,49,13,4bfd378a6d0e,2026-05-30T07:02:09.795621+00:00,FALSE,FALSE,FALSE,,,,,0.103009701,"PermissionDeniedError: Error code: 403 - {'error': {'message': 'The free tier of the model has been exhausted. If you wish to continue access the model on a paid basis, please disable the ""use free tier only"" mode in the management console.', 'type': 'AllocationQuota.FreeTierOnly', 'param': None, 'code': 'AllocationQuota.FreeTierOnly'}, 'id': 'chatcmpl-40a912b6-46d3-9778-b373-7068df33dd25', 'request_id': '40a912b6-46d3-9778-b373-7068df33dd25'}"
qwen_20260530T053203Z,d54d6729-0b85-4ca5-8267-43ba6ba19d82,deepseek-v4-pro,0.7,P3_combined_ADHD,ddt,49,14,b33dd30b8d1a,2026-05-30T07:02:10.101474+00:00,FALSE,FALSE,FALSE,,,,,0.088421345,"PermissionDeniedError: Error code: 403 - {'error': {'message': 'The free tier of the model has been exhausted. If you wish to continue access the model on a paid basis, please disable the ""use free tier only"" mode in the management console.', 'type': 'AllocationQuota.FreeTierOnly', 'param': None, 'code': 'AllocationQuota.FreeTierOnly'}, 'id': 'chatcmpl-fd7f64e3-57bf-961b-88ed-bb72af952b33', 'request_id': 'fd7f64e3-57bf-961b-88ed-bb72af952b33'}"
qwen_20260530T053203Z,8de4ab4b-f9c4-46e8-bcfb-cdb4703a00f9,deepseek-v4-pro,0.7,P3_combined_ADHD,questionnaire,49,15,228f8e2c9b1d,2026-05-30T07:02:10.391385+00:00,FALSE,FALSE,FALSE,,,,,0.121025324,"PermissionDeniedError: Error code: 403 - {'error': {'message': 'The free tier of the model has been exhausted. If you wish to continue access the model on a paid basis, please disable the ""use free tier only"" mode in the management console.', 'type': 'AllocationQuota.FreeTierOnly', 'param': None, 'code': 'AllocationQuota.FreeTierOnly'}, 'id': 'chatcmpl-eb0591e2-b7a7-9642-a240-8d720a531817', 'request_id': 'eb0591e2-b7a7-9642-a240-8d720a531817'}"
qwen_20260530T053203Z,2d7c0821-3e8e-420f-a320-7bd8dedfb210,deepseek-v4-pro,0.7,P4_ADHD_high_IA,stroop,49,16,86ad25735c85,2026-05-30T07:02:10.714437+00:00,FALSE,FALSE,FALSE,,,,,0.116066456,"PermissionDeniedError: Error code: 403 - {'error': {'message': 'The free tier of the model has been exhausted. If you wish to continue access the model on a paid basis, please disable the ""use free tier only"" mode in the management console.', 'type': 'AllocationQuota.FreeTierOnly', 'param': None, 'code': 'AllocationQuota.FreeTierOnly'}, 'id': 'chatcmpl-8110f132-4ad6-95ea-98c9-ab5768d45261', 'request_id': '8110f132-4ad6-95ea-98c9-ab5768d45261'}"
qwen_20260530T053203Z,c8c4874a-f93c-410b-b81a-a39fc3039b0b,deepseek-v4-pro,0.7,P4_ADHD_high_IA,nback,49,17,e084d00754e7,2026-05-30T07:02:11.032819+00:00,FALSE,FALSE,FALSE,,,,,0.094715834,"PermissionDeniedError: Error code: 403 - {'error': {'message': 'The free tier of the model has been exhausted. If you wish to continue access the model on a paid basis, please disable the ""use free tier only"" mode in the management console.', 'type': 'AllocationQuota.FreeTierOnly', 'param': None, 'code': 'AllocationQuota.FreeTierOnly'}, 'id': 'chatcmpl-864c6e0f-3fc7-9e66-ad07-9edba76db39c', 'request_id': '864c6e0f-3fc7-9e66-ad07-9edba76db39c'}"
qwen_20260530T053203Z,eb7873b2-6af4-4575-ab4a-e64cc1023a0d,deepseek-v4-pro,0.7,P4_ADHD_high_IA,bart,49,18,3ad0ac5f81d4,2026-05-30T07:02:11.329531+00:00,FALSE,FALSE,FALSE,,,,,0.105333328,"PermissionDeniedError: Error code: 403 - {'error': {'message': 'The free tier of the model has been exhausted. If you wish to continue access the model on a paid basis, please disable the ""use free tier only"" mode in the management console.', 'type': 'AllocationQuota.FreeTierOnly', 'param': None, 'code': 'AllocationQuota.FreeTierOnly'}, 'id': 'chatcmpl-744ae5e3-13af-9876-84c6-fa99907b73c3', 'request_id': '744ae5e3-13af-9876-84c6-fa99907b73c3'}"
qwen_20260530T053203Z,897b5de2-4664-4de9-8e77-8841181b7fe6,deepseek-v4-pro,0.7,P4_ADHD_high_IA,ddt,49,19,5a26b73a4099,2026-05-30T07:02:11.636157+00:00,FALSE,FALSE,FALSE,,,,,0.074258089,"PermissionDeniedError: Error code: 403 - {'error': {'message': 'The free tier of the model has been exhausted. If you wish to continue access the model on a paid basis, please disable the ""use free tier only"" mode in the management console.', 'type': 'AllocationQuota.FreeTierOnly', 'param': None, 'code': 'AllocationQuota.FreeTierOnly'}, 'id': 'chatcmpl-4bd0ec23-2e68-99ab-9aaa-79976696e4e6', 'request_id': '4bd0ec23-2e68-99ab-9aaa-79976696e4e6'}"
qwen_20260530T053203Z,f1b25520-53e4-466f-8f44-abce6555c9da,deepseek-v4-pro,0.7,P4_ADHD_high_IA,questionnaire,49,20,f69d6600ccdf,2026-05-30T07:02:11.912429+00:00,FALSE,FALSE,FALSE,,,,,0.086393118,"PermissionDeniedError: Error code: 403 - {'error': {'message': 'The free tier of the model has been exhausted. If you wish to continue access the model on a paid basis, please disable the ""use free tier only"" mode in the management console.', 'type': 'AllocationQuota.FreeTierOnly', 'param': None, 'code': 'AllocationQuota.FreeTierOnly'}, 'id': 'chatcmpl-17d63c3e-0cf9-9e97-9edc-839ebcf40e4a', 'request_id': '17d63c3e-0cf9-9e97-9edc-839ebcf40e4a'}"
qwen_20260530T053203Z,e378005f-e2ef-48ea-abfd-631bfd9b946d,deepseek-v4-pro,0.7,P5_high_IA_low_ADHD,stroop,49,21,af41f22a6d91,2026-05-30T07:02:12.201213+00:00,FALSE,FALSE,FALSE,,,,,0.095151663,"PermissionDeniedError: Error code: 403 - {'error': {'message': 'The free tier of the model has been exhausted. If you wish to continue access the model on a paid basis, please disable the ""use free tier only"" mode in the management console.', 'type': 'AllocationQuota.FreeTierOnly', 'param': None, 'code': 'AllocationQuota.FreeTierOnly'}, 'id': 'chatcmpl-f697608a-bd73-9174-91f2-d7f48dc3ceea', 'request_id': 'f697608a-bd73-9174-91f2-d7f48dc3ceea'}"
qwen_20260530T053203Z,cfbf566c-7d63-47ac-85e3-2059564d9ee2,deepseek-v4-pro,0.7,P5_high_IA_low_ADHD,nback,49,22,5f025aa2c4b7,2026-05-30T07:02:12.499108+00:00,FALSE,FALSE,FALSE,,,,,0.070429325,"PermissionDeniedError: Error code: 403 - {'error': {'message': 'The free tier of the model has been exhausted. If you wish to continue access the model on a paid basis, please disable the ""use free tier only"" mode in the management console.', 'type': 'AllocationQuota.FreeTierOnly', 'param': None, 'code': 'AllocationQuota.FreeTierOnly'}, 'id': 'chatcmpl-cb474ce3-3864-9abc-9a1b-45cfea706e9c', 'request_id': 'cb474ce3-3864-9abc-9a1b-45cfea706e9c'}"
qwen_20260530T053203Z,d4a73505-66a6-427a-92d9-68122167a354,deepseek-v4-pro,0.7,P5_high_IA_low_ADHD,bart,49,23,423d400ef891,2026-05-30T07:02:12.772429+00:00,FALSE,FALSE,FALSE,,,,,0.088234663,"PermissionDeniedError: Error code: 403 - {'error': {'message': 'The free tier of the model has been exhausted. If you wish to continue access the model on a paid basis, please disable the ""use free tier only"" mode in the management console.', 'type': 'AllocationQuota.FreeTierOnly', 'param': None, 'code': 'AllocationQuota.FreeTierOnly'}, 'id': 'chatcmpl-5971b7a9-11a4-961d-8e85-89dcafbf2728', 'request_id': '5971b7a9-11a4-961d-8e85-89dcafbf2728'}"
qwen_20260530T053203Z,cf9b669a-2512-476b-bc44-15d46006e7ce,deepseek-v4-pro,0.7,P5_high_IA_low_ADHD,ddt,49,24,87ef88882b52,2026-05-30T07:02:13.062552+00:00,FALSE,FALSE,FALSE,,,,,0.073308229,"PermissionDeniedError: Error code: 403 - {'error': {'message': 'The free tier of the model has been exhausted. If you wish to continue access the model on a paid basis, please disable the ""use free tier only"" mode in the management console.', 'type': 'AllocationQuota.FreeTierOnly', 'param': None, 'code': 'AllocationQuota.FreeTierOnly'}, 'id': 'chatcmpl-e2cf52e6-5b7f-90f0-8c1a-a1008114c590', 'request_id': 'e2cf52e6-5b7f-90f0-8c1a-a1008114c590'}"
qwen_20260530T053203Z,f21e1924-79be-483f-8e69-d507375d6ac6,deepseek-v4-pro,0.7,P5_high_IA_low_ADHD,questionnaire,49,25,7819a3eaf918,2026-05-30T07:02:13.339727+00:00,FALSE,FALSE,FALSE,,,,,0.144173622,"PermissionDeniedError: Error code: 403 - {'error': {'message': 'The free tier of the model has been exhausted. If you wish to continue access the model on a paid basis, please disable the ""use free tier only"" mode in the management console.', 'type': 'AllocationQuota.FreeTierOnly', 'param': None, 'code': 'AllocationQuota.FreeTierOnly'}, 'id': 'chatcmpl-32e62f69-06f4-9c9b-8966-83265cca990f', 'request_id': '32e62f69-06f4-9c9b-8966-83265cca990f'}"
qwen_20260530T053203Z,a6b7c4cb-36c0-4273-bf39-1c1846473e2f,deepseek-v4-pro,0.7,P1_low_ADHD_low_IA,stroop,50,1,a28333b2ff4e,2026-05-30T07:02:13.686609+00:00,FALSE,FALSE,FALSE,,,,,0.078945875,"PermissionDeniedError: Error code: 403 - {'error': {'message': 'The free tier of the model has been exhausted. If you wish to continue access the model on a paid basis, please disable the ""use free tier only"" mode in the management console.', 'type': 'AllocationQuota.FreeTierOnly', 'param': None, 'code': 'AllocationQuota.FreeTierOnly'}, 'id': 'chatcmpl-c8583732-c679-98b3-b4a8-533f2545d09a', 'request_id': 'c8583732-c679-98b3-b4a8-533f2545d09a'}"
qwen_20260530T053203Z,07e2aeeb-e65e-4fb9-a3c9-c27daf9db804,deepseek-v4-pro,0.7,P1_low_ADHD_low_IA,nback,50,2,bf296c6521d9,2026-05-30T07:02:13.967037+00:00,FALSE,FALSE,FALSE,,,,,0.131886005,"PermissionDeniedError: Error code: 403 - {'error': {'message': 'The free tier of the model has been exhausted. If you wish to continue access the model on a paid basis, please disable the ""use free tier only"" mode in the management console.', 'type': 'AllocationQuota.FreeTierOnly', 'param': None, 'code': 'AllocationQuota.FreeTierOnly'}, 'id': 'chatcmpl-2dadbb89-3b90-929b-85c7-43d33f1285a9', 'request_id': '2dadbb89-3b90-929b-85c7-43d33f1285a9'}"
qwen_20260530T053203Z,de498652-b61c-4acf-b905-1191f23619b9,deepseek-v4-pro,0.7,P1_low_ADHD_low_IA,bart,50,3,00e9a34112ef,2026-05-30T07:02:14.300002+00:00,FALSE,FALSE,FALSE,,,,,0.105534315,"PermissionDeniedError: Error code: 403 - {'error': {'message': 'The free tier of the model has been exhausted. If you wish to continue access the model on a paid basis, please disable the ""use free tier only"" mode in the management console.', 'type': 'AllocationQuota.FreeTierOnly', 'param': None, 'code': 'AllocationQuota.FreeTierOnly'}, 'id': 'chatcmpl-8f784c76-3d3f-9df0-bc0f-549d5dbcbda4', 'request_id': '8f784c76-3d3f-9df0-bc0f-549d5dbcbda4'}"
qwen_20260530T053203Z,99f36ba9-7c8d-4807-b045-ab8e1b112649,deepseek-v4-pro,0.7,P1_low_ADHD_low_IA,ddt,50,4,bca497425579,2026-05-30T07:02:14.607749+00:00,FALSE,FALSE,FALSE,,,,,0.105728149,"PermissionDeniedError: Error code: 403 - {'error': {'message': 'The free tier of the model has been exhausted. If you wish to continue access the model on a paid basis, please disable the ""use free tier only"" mode in the management console.', 'type': 'AllocationQuota.FreeTierOnly', 'param': None, 'code': 'AllocationQuota.FreeTierOnly'}, 'id': 'chatcmpl-a7106fb7-ad1d-9e2e-937c-116d197e2479', 'request_id': 'a7106fb7-ad1d-9e2e-937c-116d197e2479'}"
qwen_20260530T053203Z,20514b6c-01eb-4612-8e35-73b77788f292,deepseek-v4-pro,0.7,P1_low_ADHD_low_IA,questionnaire,50,5,b35916db5599,2026-05-30T07:02:14.916856+00:00,FALSE,FALSE,FALSE,,,,,0.102937937,"PermissionDeniedError: Error code: 403 - {'error': {'message': 'The free tier of the model has been exhausted. If you wish to continue access the model on a paid basis, please disable the ""use free tier only"" mode in the management console.', 'type': 'AllocationQuota.FreeTierOnly', 'param': None, 'code': 'AllocationQuota.FreeTierOnly'}, 'id': 'chatcmpl-25548834-ecd6-96a1-bd0c-5ee22f2bc890', 'request_id': '25548834-ecd6-96a1-bd0c-5ee22f2bc890'}"
qwen_20260530T053203Z,933c700e-2fd4-45af-a1cc-5ca29a69e7c2,deepseek-v4-pro,0.7,P2_high_inattention,stroop,50,6,962e434cdd22,2026-05-30T07:02:15.221417+00:00,FALSE,FALSE,FALSE,,,,,0.103492737,"PermissionDeniedError: Error code: 403 - {'error': {'message': 'The free tier of the model has been exhausted. If you wish to continue access the model on a paid basis, please disable the ""use free tier only"" mode in the management console.', 'type': 'AllocationQuota.FreeTierOnly', 'param': None, 'code': 'AllocationQuota.FreeTierOnly'}, 'id': 'chatcmpl-99555f8f-1d2f-9ee0-af05-81c56f4d3200', 'request_id': '99555f8f-1d2f-9ee0-af05-81c56f4d3200'}"
qwen_20260530T053203Z,a1a69be5-68e5-4bb3-b727-26b9e8b2c6b4,deepseek-v4-pro,0.7,P2_high_inattention,nback,50,7,568ca4db91f7,2026-05-30T07:02:15.526834+00:00,FALSE,FALSE,FALSE,,,,,0.107325077,"PermissionDeniedError: Error code: 403 - {'error': {'message': 'The free tier of the model has been exhausted. If you wish to continue access the model on a paid basis, please disable the ""use free tier only"" mode in the management console.', 'type': 'AllocationQuota.FreeTierOnly', 'param': None, 'code': 'AllocationQuota.FreeTierOnly'}, 'id': 'chatcmpl-45f4273a-93bc-9a6d-97cc-3efceb57b61b', 'request_id': '45f4273a-93bc-9a6d-97cc-3efceb57b61b'}"
qwen_20260530T053203Z,018bd298-011d-4f60-ba1e-3fbc4169db07,deepseek-v4-pro,0.7,P2_high_inattention,bart,50,8,7e57a921aac3,2026-05-30T07:02:15.836524+00:00,FALSE,FALSE,FALSE,,,,,0.106636286,"PermissionDeniedError: Error code: 403 - {'error': {'message': 'The free tier of the model has been exhausted. If you wish to continue access the model on a paid basis, please disable the ""use free tier only"" mode in the management console.', 'type': 'AllocationQuota.FreeTierOnly', 'param': None, 'code': 'AllocationQuota.FreeTierOnly'}, 'id': 'chatcmpl-cc9b5ddb-7450-96a9-973c-40b27b17cddc', 'request_id': 'cc9b5ddb-7450-96a9-973c-40b27b17cddc'}"
qwen_20260530T053203Z,664f8316-74e5-440e-915c-1418d30e1253,deepseek-v4-pro,0.7,P2_high_inattention,ddt,50,9,e8ba53856771,2026-05-30T07:02:16.145176+00:00,FALSE,FALSE,FALSE,,,,,0.102207422,"PermissionDeniedError: Error code: 403 - {'error': {'message': 'The free tier of the model has been exhausted. If you wish to continue access the model on a paid basis, please disable the ""use free tier only"" mode in the management console.', 'type': 'AllocationQuota.FreeTierOnly', 'param': None, 'code': 'AllocationQuota.FreeTierOnly'}, 'id': 'chatcmpl-122e8216-c1b5-9e69-966d-b3ac0d734530', 'request_id': '122e8216-c1b5-9e69-966d-b3ac0d734530'}"
qwen_20260530T053203Z,c96a4ed3-6c99-4250-a92c-c8b7a8a341ea,deepseek-v4-pro,0.7,P2_high_inattention,questionnaire,50,10,cc4caf5b9c32,2026-05-30T07:02:16.448480+00:00,FALSE,FALSE,FALSE,,,,,0.105784178,"PermissionDeniedError: Error code: 403 - {'error': {'message': 'The free tier of the model has been exhausted. If you wish to continue access the model on a paid basis, please disable the ""use free tier only"" mode in the management console.', 'type': 'AllocationQuota.FreeTierOnly', 'param': None, 'code': 'AllocationQuota.FreeTierOnly'}, 'id': 'chatcmpl-cc292627-030d-9ed4-bd94-9a89c46f0484', 'request_id': 'cc292627-030d-9ed4-bd94-9a89c46f0484'}"
qwen_20260530T053203Z,e04ecfd0-98af-454d-8726-2c24317b2c94,deepseek-v4-pro,0.7,P3_combined_ADHD,stroop,50,11,27771d10357c,2026-05-30T07:02:16.756211+00:00,FALSE,FALSE,FALSE,,,,,0.107136488,"PermissionDeniedError: Error code: 403 - {'error': {'message': 'The free tier of the model has been exhausted. If you wish to continue access the model on a paid basis, please disable the ""use free tier only"" mode in the management console.', 'type': 'AllocationQuota.FreeTierOnly', 'param': None, 'code': 'AllocationQuota.FreeTierOnly'}, 'id': 'chatcmpl-3d1cd0dc-4300-989d-9508-d10c0faf065e', 'request_id': '3d1cd0dc-4300-989d-9508-d10c0faf065e'}"
qwen_20260530T053203Z,343d58ab-80a8-4dd5-8267-f131d79b8242,deepseek-v4-pro,0.7,P3_combined_ADHD,nback,50,12,1a799f2c3599,2026-05-30T07:02:17.065359+00:00,FALSE,FALSE,FALSE,,,,,0.104220867,"PermissionDeniedError: Error code: 403 - {'error': {'message': 'The free tier of the model has been exhausted. If you wish to continue access the model on a paid basis, please disable the ""use free tier only"" mode in the management console.', 'type': 'AllocationQuota.FreeTierOnly', 'param': None, 'code': 'AllocationQuota.FreeTierOnly'}, 'id': 'chatcmpl-9b8eef17-80f3-9d04-8678-9e6f07394371', 'request_id': '9b8eef17-80f3-9d04-8678-9e6f07394371'}"
qwen_20260530T053203Z,968567bd-8347-4359-962b-de764a03e1fc,deepseek-v4-pro,0.7,P3_combined_ADHD,bart,50,13,4bfd378a6d0e,2026-05-30T07:02:17.372227+00:00,FALSE,FALSE,FALSE,,,,,0.105571032,"PermissionDeniedError: Error code: 403 - {'error': {'message': 'The free tier of the model has been exhausted. If you wish to continue access the model on a paid basis, please disable the ""use free tier only"" mode in the management console.', 'type': 'AllocationQuota.FreeTierOnly', 'param': None, 'code': 'AllocationQuota.FreeTierOnly'}, 'id': 'chatcmpl-72c058ab-dd47-9aa0-9eb4-b8cd4760994c', 'request_id': '72c058ab-dd47-9aa0-9eb4-b8cd4760994c'}"
qwen_20260530T053203Z,81c8ae5e-58a3-40e3-8364-cec54ba0f3dc,deepseek-v4-pro,0.7,P3_combined_ADHD,ddt,50,14,b33dd30b8d1a,2026-05-30T07:02:17.680330+00:00,FALSE,FALSE,FALSE,,,,,0.103071213,"PermissionDeniedError: Error code: 403 - {'error': {'message': 'The free tier of the model has been exhausted. If you wish to continue access the model on a paid basis, please disable the ""use free tier only"" mode in the management console.', 'type': 'AllocationQuota.FreeTierOnly', 'param': None, 'code': 'AllocationQuota.FreeTierOnly'}, 'id': 'chatcmpl-3946f00d-0497-908e-ae35-6fdb780e1eee', 'request_id': '3946f00d-0497-908e-ae35-6fdb780e1eee'}"
qwen_20260530T053203Z,1b860dd3-89db-40a0-b593-741977c36c21,deepseek-v4-pro,0.7,P3_combined_ADHD,questionnaire,50,15,228f8e2c9b1d,2026-05-30T07:02:17.985904+00:00,FALSE,FALSE,FALSE,,,,,0.104113817,"PermissionDeniedError: Error code: 403 - {'error': {'message': 'The free tier of the model has been exhausted. If you wish to continue access the model on a paid basis, please disable the ""use free tier only"" mode in the management console.', 'type': 'AllocationQuota.FreeTierOnly', 'param': None, 'code': 'AllocationQuota.FreeTierOnly'}, 'id': 'chatcmpl-7fc7af59-fc4e-9669-a5ea-14e3bc7f72f4', 'request_id': '7fc7af59-fc4e-9669-a5ea-14e3bc7f72f4'}"
qwen_20260530T053203Z,b9023f77-31ba-4320-a0ee-976e01e5c52d,deepseek-v4-pro,0.7,P4_ADHD_high_IA,stroop,50,16,86ad25735c85,2026-05-30T07:02:18.292854+00:00,FALSE,FALSE,FALSE,,,,,0.104356289,"PermissionDeniedError: Error code: 403 - {'error': {'message': 'The free tier of the model has been exhausted. If you wish to continue access the model on a paid basis, please disable the ""use free tier only"" mode in the management console.', 'type': 'AllocationQuota.FreeTierOnly', 'param': None, 'code': 'AllocationQuota.FreeTierOnly'}, 'id': 'chatcmpl-bc050d86-a337-9057-bfe4-d95e1dcbd9d4', 'request_id': 'bc050d86-a337-9057-bfe4-d95e1dcbd9d4'}"
qwen_20260530T053203Z,7efa59d2-9481-43d4-b54f-981c95dea230,deepseek-v4-pro,0.7,P4_ADHD_high_IA,nback,50,17,e084d00754e7,2026-05-30T07:02:18.599359+00:00,FALSE,FALSE,FALSE,,,,,0.108486652,"PermissionDeniedError: Error code: 403 - {'error': {'message': 'The free tier of the model has been exhausted. If you wish to continue access the model on a paid basis, please disable the ""use free tier only"" mode in the management console.', 'type': 'AllocationQuota.FreeTierOnly', 'param': None, 'code': 'AllocationQuota.FreeTierOnly'}, 'id': 'chatcmpl-90351b72-618e-9fff-94c4-1535638a24a7', 'request_id': '90351b72-618e-9fff-94c4-1535638a24a7'}"
qwen_20260530T053203Z,c1737b37-2c00-48e9-bed8-6bce126a1aaf,deepseek-v4-pro,0.7,P4_ADHD_high_IA,bart,50,18,3ad0ac5f81d4,2026-05-30T07:02:18.910162+00:00,FALSE,FALSE,FALSE,,,,,0.111992598,"PermissionDeniedError: Error code: 403 - {'error': {'message': 'The free tier of the model has been exhausted. If you wish to continue access the model on a paid basis, please disable the ""use free tier only"" mode in the management console.', 'type': 'AllocationQuota.FreeTierOnly', 'param': None, 'code': 'AllocationQuota.FreeTierOnly'}, 'id': 'chatcmpl-d03e07d7-381a-99ed-956f-2ad9e439d382', 'request_id': 'd03e07d7-381a-99ed-956f-2ad9e439d382'}"
qwen_20260530T053203Z,933512bd-2f66-4907-91d2-b59cd3f8c620,deepseek-v4-pro,0.7,P4_ADHD_high_IA,ddt,50,19,5a26b73a4099,2026-05-30T07:02:19.230128+00:00,FALSE,FALSE,FALSE,,,,,0.090698719,"PermissionDeniedError: Error code: 403 - {'error': {'message': 'The free tier of the model has been exhausted. If you wish to continue access the model on a paid basis, please disable the ""use free tier only"" mode in the management console.', 'type': 'AllocationQuota.FreeTierOnly', 'param': None, 'code': 'AllocationQuota.FreeTierOnly'}, 'id': 'chatcmpl-f05dafe6-e02b-9898-9930-d70bfea2c176', 'request_id': 'f05dafe6-e02b-9898-9930-d70bfea2c176'}"
qwen_20260530T053203Z,f584f86c-edde-40a7-919e-eeea370608e9,deepseek-v4-pro,0.7,P4_ADHD_high_IA,questionnaire,50,20,f69d6600ccdf,2026-05-30T07:02:19.521900+00:00,FALSE,FALSE,FALSE,,,,,0.104609966,"PermissionDeniedError: Error code: 403 - {'error': {'message': 'The free tier of the model has been exhausted. If you wish to continue access the model on a paid basis, please disable the ""use free tier only"" mode in the management console.', 'type': 'AllocationQuota.FreeTierOnly', 'param': None, 'code': 'AllocationQuota.FreeTierOnly'}, 'id': 'chatcmpl-a905aefe-ab78-933f-aace-0aafef6f0201', 'request_id': 'a905aefe-ab78-933f-aace-0aafef6f0201'}"
qwen_20260530T053203Z,0c212376-e593-44d4-a524-351dc539bec7,deepseek-v4-pro,0.7,P5_high_IA_low_ADHD,stroop,50,21,af41f22a6d91,2026-05-30T07:02:19.829581+00:00,FALSE,FALSE,FALSE,,,,,0.105571032,"PermissionDeniedError: Error code: 403 - {'error': {'message': 'The free tier of the model has been exhausted. If you wish to continue access the model on a paid basis, please disable the ""use free tier only"" mode in the management console.', 'type': 'AllocationQuota.FreeTierOnly', 'param': None, 'code': 'AllocationQuota.FreeTierOnly'}, 'id': 'chatcmpl-2e396c1c-ca78-99e5-a60e-72cb179c97d7', 'request_id': '2e396c1c-ca78-99e5-a60e-72cb179c97d7'}"
qwen_20260530T053203Z,0fbd1df4-ccfb-41e3-a678-0951d3549d35,deepseek-v4-pro,0.7,P5_high_IA_low_ADHD,nback,50,22,5f025aa2c4b7,2026-05-30T07:02:20.136707+00:00,FALSE,FALSE,FALSE,,,,,0.209084749,"PermissionDeniedError: Error code: 403 - {'error': {'message': 'The free tier of the model has been exhausted. If you wish to continue access the model on a paid basis, please disable the ""use free tier only"" mode in the management console.', 'type': 'AllocationQuota.FreeTierOnly', 'param': None, 'code': 'AllocationQuota.FreeTierOnly'}, 'id': 'chatcmpl-0c57ac65-ecfc-999e-b3c9-3632a1ec9cca', 'request_id': '0c57ac65-ecfc-999e-b3c9-3632a1ec9cca'}"
qwen_20260530T053203Z,ed1b9a6f-a3ae-4724-b76c-a91ad6389861,deepseek-v4-pro,0.7,P5_high_IA_low_ADHD,bart,50,23,423d400ef891,2026-05-30T07:02:20.547943+00:00,FALSE,FALSE,FALSE,,,,,0.104369164,"PermissionDeniedError: Error code: 403 - {'error': {'message': 'The free tier of the model has been exhausted. If you wish to continue access the model on a paid basis, please disable the ""use free tier only"" mode in the management console.', 'type': 'AllocationQuota.FreeTierOnly', 'param': None, 'code': 'AllocationQuota.FreeTierOnly'}, 'id': 'chatcmpl-22612630-527a-927c-bbab-9c514fc36adf', 'request_id': '22612630-527a-927c-bbab-9c514fc36adf'}"
qwen_20260530T053203Z,84479d8d-369a-4341-874d-d84810d09df1,deepseek-v4-pro,0.7,P5_high_IA_low_ADHD,ddt,50,24,87ef88882b52,2026-05-30T07:02:20.854704+00:00,FALSE,FALSE,FALSE,,,,,0.103427887,"PermissionDeniedError: Error code: 403 - {'error': {'message': 'The free tier of the model has been exhausted. If you wish to continue access the model on a paid basis, please disable the ""use free tier only"" mode in the management console.', 'type': 'AllocationQuota.FreeTierOnly', 'param': None, 'code': 'AllocationQuota.FreeTierOnly'}, 'id': 'chatcmpl-668ef6eb-27aa-956b-9fa9-1ca32580d7d9', 'request_id': '668ef6eb-27aa-956b-9fa9-1ca32580d7d9'}"
qwen_20260530T053203Z,ef074622-12be-4416-9fdb-50dc593a83d0,deepseek-v4-pro,0.7,P5_high_IA_low_ADHD,questionnaire,50,25,7819a3eaf918,2026-05-30T07:02:21.160790+00:00,FALSE,FALSE,FALSE,,,,,0.212161303,"PermissionDeniedError: Error code: 403 - {'error': {'message': 'The free tier of the model has been exhausted. If you wish to continue access the model on a paid basis, please disable the ""use free tier only"" mode in the management console.', 'type': 'AllocationQuota.FreeTierOnly', 'param': None, 'code': 'AllocationQuota.FreeTierOnly'}, 'id': 'chatcmpl-929f1f8f-b15d-98b2-8460-8e2703fb8f2d', 'request_id': '929f1f8f-b15d-98b2-8460-8e2703fb8f2d'}"
